id,companyId,nome,ca,validadeCA,fabricante,fornecedor,quantidadeEstoque,createdAt,updatedAt,valor_produto,tempo_minimo_troca,categoria,tamanho,fornecedor_cnpj,fornecedor_contato,fornecedor_telefone,fornecedor_email,fornecedor_endereco,cor_capacete,condicao,vida_util_meses,criado_por,alterado_por
690001,60002,"Luva de segurança confeccionada em vaqueta integral, reforço na palma, com punho confeccionado emraspa. Possui elástico de ajuste na palma.",25387,2027-09-26 00:00:00,VALCAN EPI LTDA,Neobetel,155,2026-02-25 18:44:58,2026-02-26 16:53:52,32.81,60,EPI,,,,,,,,Novo,,,
690002,60002,"Capacete de segurança Tipo II com aba frontal classe B casco com três nervuras, com fendas laterais para acoplagem de acessórios (protetor facial ou auditivo), com suspensão fixa ao casco através de oito pontos de encaixe, regulagem de tamanho através de ajuste simples e tira absorvedora de suor em espuma coberta de material sintético com ou sem jugular ajustável, confeccionada em tira de tecido sintético e fixa na carneira e/ou separada com fechamento simples ou velcro. MARCA: UMP. “ESTE EQUIPAMENTO DEVERÁ APRESENTAR O SELO DE MARCAÇÃO DO INMETRO”.",29738,2026-12-17 00:00:00,ULTRA MASTER PLUG COMERCIO E INDUSTRIA DE EQUIPAMENTOS DE PR,Neobetel,27,2026-02-25 18:46:00,2026-02-26 12:46:03,19.90,365,EPI,,,,,,,Amarelo,Novo,,,
690003,60002,"Capacete de segurança Tipo II com aba frontal classe B casco com três nervuras, com fendas laterais para acoplagem de acessórios (protetor facial ou auditivo), com suspensão fixa ao casco através de oito pontos de encaixe, regulagem de tamanho através de ajuste simples e tira absorvedora de suor em espuma coberta de material sintético com ou sem jugular ajustável, confeccionada em tira de tecido sintético e fixa na carneira e/ou separada com fechamento simples ou velcro. MARCA: UMP. “ESTE EQUIPAMENTO DEVERÁ APRESENTAR O SELO DE MARCAÇÃO DO INMETRO”.",29738,2026-12-17 00:00:00,ULTRA MASTER PLUG COMERCIO E INDUSTRIA DE EQUIPAMENTOS DE PR,Neobetel,22,2026-02-25 18:46:45,2026-02-26 12:45:19,19.90,365,EPI,,,,,,,Azul,Novo,,,
690004,60002,"Calçado ocupacional, tipo botina, com fechamento em elástico nas laterais, confeccionado em couro preto curtido ao cromo, palmilha de montagem em TNT – tecido não tecido resinado na cor branca, costurada pelo processo strobel, forro interno em TNT tecido não tecido na cor cinza, solado em poliuretano bidensidade na cor cinza, injetado diretamente ao cabedal, com resistência ao óleo combustível e a absorção de energia no salto, biqueira em polipropileno.",43377,2028-09-20 00:00:00,MARLUVAS EQUIPAMENTOS DE SEGURANCA LTDA,Neobetel,6,2026-02-25 18:50:30,2026-02-26 12:24:59,62.90,270,Calcado,44,,,,,,,Novo,,,
690005,60002,"Calçado ocupacional, tipo botina, com fechamento em elástico nas laterais, confeccionado em couro preto curtido ao cromo, palmilha de montagem em TNT – tecido não tecido resinado na cor branca, costurada pelo processo strobel, forro interno em TNT tecido não tecido na cor cinza, solado em poliuretano bidensidade na cor cinza, injetado diretamente ao cabedal, com resistência ao óleo combustível e a absorção de energia no salto, biqueira em polipropileno.",43377,2028-09-20 00:00:00,MARLUVAS EQUIPAMENTOS DE SEGURANCA LTDA,Neobetel,6,2026-02-25 18:51:31,2026-02-26 12:26:57,62.90,270,Calcado,43,,,,,,,Novo,,,
690006,60002,"Calçado ocupacional, tipo botina, com fechamento em elástico nas laterais, confeccionado em couro preto curtido ao cromo, palmilha de montagem em TNT – tecido não tecido resinado na cor branca, costurada pelo processo strobel, forro interno em TNT tecido não tecido na cor cinza, solado em poliuretano bidensidade na cor cinza, injetado diretamente ao cabedal, com resistência ao óleo combustível e a absorção de energia no salto, biqueira em polipropileno.",43377,2028-09-20 00:00:00,MARLUVAS EQUIPAMENTOS DE SEGURANCA LTDA,Neobetel,1,2026-02-25 18:52:07,2026-02-26 12:25:25,62.90,270,Calcado,40,,,,,,,Novo,,,
690007,60002,"Calçado ocupacional, tipo botina, com fechamento em elástico nas laterais, confeccionado em couro preto curtido ao cromo, palmilha de montagem em TNT – tecido não tecido resinado na cor branca, costurada pelo processo strobel, forro interno em TNT tecido não tecido na cor cinza, solado em poliuretano bidensidade na cor cinza, injetado diretamente ao cabedal, com resistência ao óleo combustível e a absorção de energia no salto, biqueira em polipropileno.",43377,2028-09-20 00:00:00,MARLUVAS EQUIPAMENTOS DE SEGURANCA LTDA,Neobetel,1,2026-02-25 18:52:46,2026-03-05 16:22:06,62.90,270,Calcado,44,,,,,,,Novo,,,RODNEI ALEXANDRE DOS SANTOS SILVA
690009,60002,"Calçado ocupacional, tipo botina, com fechamento em elástico nas laterais, confeccionado em couro preto curtido ao cromo, palmilha de montagem em TNT – tecido não tecido resinado na cor branca, costurada pelo processo strobel, forro interno em TNT tecido não tecido na cor cinza, solado em poliuretano bidensidade na cor cinza, injetado diretamente ao cabedal, com resistência ao óleo combustível e a absorção de energia no salto, biqueira em polipropileno.",43377,2028-09-20 00:00:00,MARLUVAS EQUIPAMENTOS DE SEGURANCA LTDA,Neobetel,4,2026-02-25 18:54:52,2026-02-26 12:25:53,62.90,,Calcado,38,,,,,,,Novo,,,
690010,60002,"Calçado ocupacional, tipo botina, com fechamento em elástico nas laterais, confeccionado em couro preto curtido ao cromo, palmilha de montagem em TNT – tecido não tecido resinado na cor branca, costurada pelo processo strobel, forro interno em TNT tecido não tecido na cor cinza, solado em poliuretano bidensidade na cor cinza, injetado diretamente ao cabedal, com resistência ao óleo combustível e a absorção de energia no salto, biqueira em polipropileno.",43377,2028-09-20 00:00:00,MARLUVAS EQUIPAMENTOS DE SEGURANCA LTDA,Neobetel,3,2026-02-25 18:55:46,2026-02-26 12:22:10,62.90,270,Calcado,37,25464260000149,Neobetel EPI,,,,,Novo,,,
690011,60002,"Calçado ocupacional, tipo botina, com fechamento em elástico nas laterais, confeccionado em couro preto curtido ao cromo, palmilha de montagem em TNT – tecido não tecido resinado na cor branca, costurada pelo processo strobel, forro interno em TNT tecido não tecido na cor cinza, solado em poliuretano bidensidade na cor cinza, injetado diretamente ao cabedal, com resistência ao óleo combustível e a absorção de energia no salto, biqueira em polipropileno.",43377,2028-09-20 00:00:00,MARLUVAS EQUIPAMENTOS DE SEGURANCA LTDA,Neobetel,1,2026-02-25 18:56:35,2026-02-26 12:26:21,62.90,270,Calcado,46,,,,,,,Novo,,,
690012,60002,"Calçado ocupacional, tipo botina, com fechamento em elástico nas laterais, confeccionado em couro preto curtido ao cromo, palmilha de montagem em TNT – tecido não tecido resinado na cor branca, costurada pelo processo strobel, forro interno em TNT tecido não tecido na cor cinza, solado em poliuretano bidensidade na cor cinza, injetado diretamente ao cabedal, com resistência ao óleo combustível e a absorção de energia no salto, biqueira em polipropileno.",43377,2028-09-20 00:00:00,MARLUVAS EQUIPAMENTOS DE SEGURANCA LTDA,Neobetel,4,2026-02-25 18:58:33,2026-02-26 12:21:21,62.90,270,Calcado,44,,,,,,,Novo,,,
690013,60002,"Calçado ocupacional, tipo botina, com fechamento em elástico nas laterais, confeccionado em couro preto curtido ao cromo, palmilha de montagem em TNT – tecido não tecido resinado na cor branca, costurada pelo processo strobel, forro interno em TNT tecido não tecido na cor cinza, solado em poliuretano bidensidade na cor cinza, injetado diretamente ao cabedal, com resistência ao óleo combustível e a absorção de energia no salto, biqueira em polipropileno.",43377,2028-09-20 00:00:00,MARLUVAS EQUIPAMENTOS DE SEGURANCA LTDA,Neobetel,3,2026-02-25 18:59:07,2026-02-26 12:19:48,62.90,270,Calcado,40,,,,,,,Novo,,,
690014,60002,"Calçado ocupacional, tipo botina, com fechamento em elástico nas laterais, confeccionado em couro preto curtido ao cromo, palmilha de montagem em TNT – tecido não tecido resinado na cor branca, costurada pelo processo strobel, forro interno em TNT tecido não tecido na cor cinza, solado em poliuretano bidensidade na cor cinza, injetado diretamente ao cabedal, com resistência ao óleo combustível e a absorção de energia no salto, biqueira em polipropileno.",43377,2028-09-20 00:00:00,MARLUVAS EQUIPAMENTOS DE SEGURANCA LTDA,Neobetel,1,2026-02-25 18:59:45,2026-02-26 12:18:44,62.90,270,Calcado,39,,,,,,,Novo,,,
690015,60002,"Capacete de segurança Tipo II com aba frontal classe B casco com três nervuras, com fendas laterais para acoplagem de acessórios (protetor facial ou auditivo), com suspensão fixa ao casco através de oito pontos de encaixe, regulagem de tamanho através de ajuste simples e tira absorvedora de suor em espuma coberta de material sintético com ou sem jugular ajustável, confeccionada em tira de tecido sintético e fixa na carneira e/ou separada com fechamento simples ou velcro. MARCA: UMP. “ESTE EQUIPAMENTO DEVERÁ APRESENTAR O SELO DE MARCAÇÃO DO INMETRO”.",29738,2026-12-17 00:00:00,ULTRA MASTER PLUG COMERCIO E INDUSTRIA DE EQUIPAMENTOS DE PR,Neobetel,18,2026-02-25 19:03:17,2026-02-26 12:41:57,19.90,365,EPI,,,,,,,Branco,Novo,,,
690017,60002,"Cinturão de segurança tipo paraquedista integrado com cinturão abdominal, confeccionado em fita poliéster amarela/preta de 45 mm e 25 mm, com 02 (dois) pontos de ancoragem para retenção de quedas, sendo um na região dorsal e outro na região peitoral e possui 02 (dois) pontos laterais iguais para posicionamento. O modelo possui 05 fivelas de ajuste. O cinturão de segurança é utilizado com os seguintes talabartes e trava-quedas de segurança: 1) Talabarte com absorvedor de energia – AT 707 Y CAP ABS, AT FT ABS, AT FT FALL FACTOR, AT YFT ABS, AT YFT ABS-TE, AT YFT FALL FACTOR, AT YFE ABS, AT YFE FALL FACTOR; 2) Talabarte para posicionamento e restrição – AT 701 FT , AT 700 AJ MN. 3) Trava-quedas Retráteis: AT 7071 RT; AT 7071 RT CA 6M; AT 7071 RT CA 10M; AT 7071 RT CA 20M; AT 7071 RT FT 3,5M; AT 7071 RT FT 6M. 4)Trava-queda seslizantes: AT 7072 C; AT 7070 C; AT 7074 A; AT 7070 C AC.",40800,2027-11-12 00:00:00,ATHENAS CINTOS INDUSTRIA E COMERCIO DE EQUIPAMENTOS DE PROTECAO INDIVIDUAL LTDA,Neobetel,3,2026-02-25 19:11:57,2026-03-04 13:18:19,142.90,365,EPI,,,,,,,,Novo,,,
690018,60002,Talabarte Y Mosq,,,Athenas,Neobetel,8,2026-02-25 19:12:53,2026-02-26 14:40:53,148.90,,EPI,,,,,,,,Novo,,,
690019,60002,"Jardineira de segurança para saneamento, confeccionada em tecido sintético plastificado com PVC em ambas as faces (trevira), costuras através de solda eletrônica, com suspensório do mesmo material da vestimenta com meia argola para ajustes, botas de PVC forradas acopladas (fabricante da bota: BSB Produtora de Equipamentos de Proteção Individual S/A - CA nº 37.456).",28440,2026-05-13 00:00:00,BRASCAMP EQUIPAMENTOS DE PROTECAO DO TRABALHO LTDA,MERCADOLIVRE.COM ATIVIDADES DE INTERNET LTDA,1,2026-02-25 19:14:38,2026-02-26 18:02:39,178.89,180,Calcado,42,03361252000134,MERCADOLIVRE.COM ATIVIDADES DE INTERNET LTDA,(11) 25434155,,"DAS NACOES UNIDAS 3000, 3003, PARTE D, BONFIM, OSASCO, SP",,Reutilizado,,,
690020,60002,"Luva de segurança confeccionada em raspa, reforço interno em raspa na palma, tira em raspa entre o polegar e indicador.",20004,2028-04-09 00:00:00,VALCAN EPI LTDA,Neobetel,13,2026-02-25 19:21:23,2026-02-26 16:38:44,13.60,60,EPI,,,,,,,,Novo,,,
690021,60002,"Luva de segurança, confeccionada em couro na palma e dorso, elástico para ajuste no dorso.",16474,2029-02-12 00:00:00,VALCAN EPI LTDA,Neobetel,46,2026-02-25 19:23:12,2026-02-26 16:56:39,18.68,45,EPI,,,,,,,,Novo,,,
690022,60002,Carneira para Capacete,,,MSA,Neobetel,18,2026-02-25 19:24:36,2026-02-26 13:23:12,35.58,,EPI,,,,,,,,Novo,,,
690024,60002,"Protetor auditivo tipo concha, constituído por dois abafadores, apresentando almofadas de vedação e espuma no seu interior. Possui duas hastes em plástico que se encaixam no arco e na concha.",33135,2028-07-12 00:00:00,CAMPER EQUIPAMENTOS DE PROTECAO LTDA,Neobetel,18,2026-02-25 19:35:14,2026-02-25 19:35:14,18.90,365,EPI,,,,,,,,Novo,,,
690025,60002,"Protetor facial com coroa confeccionada em polipropileno nas cores branca, azul e preta, visor confeccionado em policarbonato incolor disponível nos tamanhos 6"", 8"" e 10"" preso à coroa por meio de canaleta com trava e encaixe por meio de três pinos, carneira confeccionada em polietileno preto fixada à coroa em suas extremidades por meio de parafusos plásticos com regulagem de tamanho na parte superior da cabeça por ajuste simples e na parte de trás da cabeça nas opções por catraca e por ajuste simples.",47620,2028-07-18 00:00:00,DELTA PLUS BRASIL INDUSTRIA E COMERCIO DE EPI LTDA,Neobetel,6,2026-02-25 19:36:59,2026-02-26 14:56:28,41.87,365,EPI,,,,,,,,Novo,,,
690026,60002,"Calçado ocupacional tipo botina, fechamento em cadarço, confeccionado em couro nobuck na cor café curtido ao cromo, forro da gáspea em nãotecido, forro lateral em material têxtil, palmilha de montagem em não tecidoresinado fixada pelo sistema strobel, palmilha interna removível, solado de poliuretano bidensidade injetado diretamente no cabedal, biqueira de polipropileno para conformação.",45611,2030-05-13 00:00:00,MARLUVAS EQUIPAMENTOS DE SEGURANCA LTDA,Neobetel,1,2026-02-25 19:39:42,2026-02-26 14:41:38,158.00,270,Calcado,42,,,,,,,Novo,,,
690027,60002,Respirador e Filtro ,,,,Neobetel,16,2026-02-25 19:42:30,2026-02-25 19:42:30,,,EPI,,,,,,,,Novo,,,
690028,60002,"Vestimenta para proteção do tronco tipo capa, manga comprida com cobertura total até os punhos, com abertura frontal, peça de vestuário com cobertura a partir da base do pescoço, confeccionada em tecido poliéster revestido de policloreto de vinila (PVC) em uma das faces, costuras através de solda eletrônica. Este epi tem opções de aviamentos/acessórios/componentes: Capuz, Botões de pressão para fechamento.",36254,2030-04-09 00:00:00,PLASTCOR DO BRASIL LTDA,,55,2026-02-25 19:48:55,2026-02-25 19:48:55,17.00,180,EPI,,,,,,,,Novo,,,
690029,60002,"Macacão de segurança confeccionado em tecido DuPont™ ProShield®; elásticos nos punhos, capuz e tornozelos, zíper na parte frontal do traje coberto por uma pala.  Tamanhos: P, M, G, XG, 2XG, 3XG, 4XG, 5XG e 6XG.",38648,2030-02-20 00:00:00,PERFORMANCE SPECIALTY PRODUCTS DO BRASIL SERVICOS E COMERCIO DE PRODUTOS ELETRONICOS E DE PROTECAO E SEGURANCA LTDA.,Neobetel,2,2026-02-25 19:52:33,2026-02-26 17:49:29,22.36,30,Uniforme,XGG,,,,,,,Novo,,,
690030,60002,"Macacão de segurança confeccionado em tecido DuPont™ ProShield®; elásticos nos punhos, capuz e tornozelos, zíper na parte frontal do traje coberto por uma pala.  Tamanhos: P, M, G, XG, 2XG, 3XG, 4XG, 5XG e 6XG.",38648,2030-02-20 00:00:00,PERFORMANCE SPECIALTY PRODUCTS DO BRASIL SERVICOS E COMERCIO DE PRODUTOS ELETRONICOS E DE PROTECAO E SEGURANCA LTDA.,Neobetel,1,2026-02-25 19:53:23,2026-02-26 17:50:42,22.36,90,Uniforme,GG,,,,,,,Novo,,,
690033,60002,"Óculos de segurança constituídos de armação e visor confeccionado em uma única peça de policarbonato disponível nas cores incolor, amarelo, verde e cinza com ponte e apoio nasal injetado do mesmo material, hastes tipo espátula confeccionadas em policarbonato preto (exceto no visor verde, que as hastes são na corverde) fixadas às extremidades do visor através de parafusos metálicos.",36032,2030-06-13 00:00:00,LIBUS DO BRASIL EQUIPAMENTOS LTDA,Neobetel,71,2026-02-25 19:59:42,2026-03-05 18:36:51,3.09,180,EPI,,,,,,,,Novo,,,RODNEI ALEXANDRE DOS SANTOS SILVA
690034,60002,"Respirador Purificador de ar tipo Peça semifacial Filtrante para Partículas classe  ""S"" PFF2, de TNT e Meltblown, formato dobrável, sem válvula de exalação.",38504,2030-01-05 00:00:00,DELTA PLUS BRASIL INDUSTRIA E COMERCIO DE EPI LTDA,Neobetel,94,2026-02-25 20:03:33,2026-03-13 10:55:16,0.99,30,EPI,,,,,,,,Novo,,,
690036,60002,"Óculos de segurança modelo ampla-visão constituído de armação confeccionada em uma única peça de PVC flexível na cor cinza transparente com sistema de ventilação indireta composto de oito fendas localizados na parte superior e dez na parte inferior da armação, tirante elástico de tecido sintético preto com branco para ajuste à face do usuário e visor de policarbonato disponível nas cores incolor e cinza. O modelo cobre toda a região em torno dos olhos do usuário. Fabricante: Guangzhou (City) Dashin Photonics & Jewelry Co., Ltd.",19628,2027-09-08 00:00:00,"DVT COMERCIO, IMPORTACAO E EXPORTACAO LTDA",Neobetel,29,2026-02-25 20:05:07,2026-02-25 20:05:07,42.13,180,EPI,,,,,,,,Novo,,,
690037,60002,"Óculos de segurança modelo ampla-visão constituído de armação confeccionada em uma única peça de PVC flexível na cor cinza transparente com sistema de ventilação indireta composto de oito fendas localizados na parte superior e dez na parte inferior da armação, tirante elástico de tecido sintético preto com branco para ajuste à face do usuário e visor de policarbonato disponível nas cores incolor e cinza. O modelo cobre toda a região em torno dos olhos do usuário. Fabricante: Guangzhou (City) Dashin Photonics & Jewelry Co., Ltd.",19628,2027-09-08 00:00:00,"DVT COMERCIO, IMPORTACAO E EXPORTACAO LTDA",Neobetel,3,2026-02-25 20:06:14,2026-02-25 20:06:14,42.13,180,EPI,,,,,,,,Novo,,,
690038,60002,"Luva de segurança confeccionada em borracha nitrílica, clorinada, com ou sem revestimento interno, texturizada na palma, face palmar dos dedos e pontas dos dedos.",25313,2028-10-20 00:00:00,"DVT COMERCIO, IMPORTACAO E EXPORTACAO LTDA",Neobetel,50,2026-02-25 20:09:16,2026-02-25 20:09:16,8.19,60,EPI,,,,,,,,Novo,,,
690040,60002,"Protetor auditivo, confeccionado em silicone grau farmacêutico, tipo inserção, composto de um eixo com três flanges, onde a primeira, a segunda e a terceira, são flanges maciças ecônicas, todas de dimensões variáveis, contendo um orifício no seu interior, protetor tamanho único, moldável a diferentes canais auditivos, com cordão de algodão ou PVC/silicone ligando os dois.",19578,2027-12-13 00:00:00,VEAJ CACCHERO PLASTICOS LTDA,Neobetel,46,2026-02-25 20:13:21,2026-02-25 20:13:21,1.46,90,EPI,,,,,,,,Novo,,,
690041,60002,JUGULAR TÊXTIL PARA CAPACETE V-GARD,,,MSA,Neobetel,93,2026-02-25 20:20:32,2026-02-25 20:20:32,12.53,,EPI,,,,,,,,Novo,,,
690042,60002,"Luva de proteção tricotada em náilon, palma, face palmar dos dedos e pontas dos dedos com revestimento em poliuretano.",15.272,2029-12-30 00:00:00,KALIPSO EQUIPAMENTOS INDIVIDUAIS DE PROTECAO LTDA,Mercado Livre,0,2026-02-25 20:24:00,2026-03-02 12:12:10,3.74,60,EPI,,,,,,,,Novo,,,
690044,60002,"Luva de segurança, confeccionada em fibras naturais e sintéticas, revestimento palmar, pontas e face palmar dos dedos em borracha ""foam"" (espuma) em formato de gomos.",38257,2028-12-29 00:00:00,"VCH - IMPORTADORA, EXPORTADORA E DISTRIBUICAO DE PRODUTOS LTDA",Mercado Livre,23,2026-02-25 20:27:58,2026-02-25 20:27:58,57.90,60,EPI,,,,,,,,Novo,,,
690045,60002,"Capuz de segurança confeccionado em tecido de algodão tipo brim, fechamento através de velcro, modelo árabe.",29047,2026-06-24 00:00:00,REPTEC EQUIPAMENTOS DE SEGURANCA E UNIFORMES LTDA,,1,2026-02-25 20:28:52,2026-02-25 20:28:52,18.90,180,EPI,,,,,,,,Novo,,,
690046,60002,"Calça de segurança  de confeccionada em tecido Cedrotech FR, 100% algodão, sarja 3x1, ATPV 11 cal/cm², fabricado pela Cia de Fiação e Tecidos Cedro Cachoeira, com gramatura nominal de 8,6 oz/yd² (290 g/m²).",41147,2025-10-21 00:00:00,EQPRO INDUSTRIA E COMERCIO LTDA,EBAZAR.COM.BR. LTDA,2,2026-02-25 20:32:37,2026-02-26 17:28:54,174.79,180,Uniforme,GG,03007331023192,EBAZAR.COM.BR. LTDA,(11) 21212121,,"FRANCISCO XAVIER CORREIA, SN, GALPAOG200, RESIDENCIAL PARQUE CUMBICA, GUARULHOS, SP",,Novo,,,
690047,60002,"Calça de segurança  de confeccionada em tecido Cedrotech FR, 100% algodão, sarja 3x1, ATPV 11 cal/cm², fabricado pela Cia de Fiação e Tecidos Cedro Cachoeira, com gramatura nominal de 8,6 oz/yd² (290 g/m²).",41147,2025-10-21 00:00:00,EQPRO INDUSTRIA E COMERCIO LTDA,ANDERSON BARNE DE CAMARGO,3,2026-02-25 20:34:43,2026-02-26 14:43:23,174.79,180,Uniforme,G,,,,,,,Novo,,,
690048,60002,"Camisa de segurança confeccionada em tecido Cedrotech FR, 100% algodão, sarja 3X1 Rip Stop , ATPV 11 cal/cm², fabricado pela Cia de Fiação e Tecidos Cedro Cachoeira, com gramatura nominal de 8,6 oz/yd² (290 g/m²).",41146,2025-10-21 00:00:00,EQPRO INDUSTRIA E COMERCIO LTDA,ANDERSON BARNE DE CAMARGO,2,2026-02-25 20:35:52,2026-02-26 16:44:08,148.11,180,Uniforme,GG,,,,,,,Novo,,,
690049,60002,"Camisa de segurança confeccionada em tecido Cedrotech FR, 100% algodão, sarja 3X1 Rip Stop , ATPV 11 cal/cm², fabricado pela Cia de Fiação e Tecidos Cedro Cachoeira, com gramatura nominal de 8,6 oz/yd² (290 g/m²).",41146,2025-10-21 00:00:00,EQPRO INDUSTRIA E COMERCIO LTDA,ANDERSON BARNE DE CAMARGO,3,2026-02-25 20:36:43,2026-02-26 16:43:09,148.11,180,Uniforme,G,,,,,,,Novo,,,
690050,60002,"Calçado de segurança de uso profissional tipo botina, confeccionado em couro, fechamento em elástico, palmilha de montagem em não tecido fixada pelo sistema strobel, biqueira de composite, solado empoliuretano bidensidade injetado direto ao cabedal, para uso eletricista.",38753,2026-08-05 00:00:00,CALCADOS CARTOM LTDA,CRESTANI COMERCIO LTDA,2,2026-02-25 20:38:03,2026-02-26 16:39:44,93.50,365,Calcado,40,,,,,,,Novo,,,
690051,60002,"Calçado de segurança de uso profissional tipo botina, confeccionado em couro, fechamento em elástico, palmilha de montagem em não tecido fixada pelo sistema strobel, biqueira de composite, solado empoliuretano bidensidade injetado direto ao cabedal, para uso eletricista.",38753,2026-08-05 00:00:00,CALCADOS CARTOM LTDA,CRESTANI COMERCIO LTDA,2,2026-02-25 20:39:15,2026-02-26 14:42:19,93.50,365,Calcado,43,,,,,,,Novo,,,
690052,60002,"Calçado de segurança de uso profissional tipo botina, confeccionado em couro, fechamento em elástico, palmilha de montagem em não tecido fixada pelo sistema strobel, biqueira de composite, solado empoliuretano bidensidade injetado direto ao cabedal, para uso eletricista.",38753,2026-08-05 00:00:00,CALCADOS CARTOM LTDA,CRESTANI COMERCIO LTDA,1,2026-02-25 20:40:11,2026-02-26 16:33:03,93.50,365,Calcado,42,,,,,,,Novo,,,
690053,60002,"Capacete para uso na indústria,  Tipo I; Classe E; regulagem por catraca, com a formatação em carneira e coroa unificadas. Tira absorvente em náilon almofadado.",42234,2027-10-17 00:00:00,BSB PRODUTORA DE EQUIPAMENTOS DE PROTECAO INDIVIDUAL S.A.,PAMELLA FILADORO NOGUEIRA LTDA,5,2026-02-25 20:41:56,2026-02-25 20:41:56,159.25,365,EPI,,,,,,,,Novo,,,
990004,60002,COLETE DE SINALIZAÇÃO REFLETIVO SEM BOLSO VICSA,,," VICSA",Neobetel,5,2026-02-26 14:03:56,2026-02-26 14:12:00,17.90,,Uniforme,XXGG,25464260000149,Neobetel EPI,,,,,Novo,,,
990005,60002,COLETE DE SINALIZAÇÃO REFLETIVO SEM BOLSO VICSA,,,VICSA,Neobetel,8,2026-02-26 14:14:58,2026-02-26 14:15:24,17.70,,Uniforme,M,25464260000149,Neobetel EPI,,,,,Novo,,,
990006,60002,COLETE DE SINALIZAÇÃO REFLETIVO SEM BOLSO VICSA,,,VICSA,Neobetel,6,2026-02-26 14:16:11,2026-02-26 14:16:29,17.70,,Uniforme,XGG,25464260000149,Neobetel EPI,,,,,Novo,,,
990007,60002,COLETE DE SINALIZAÇÃO REFLETIVO SEM BOLSO VICSA,,," VICSA",Neobetel,8,2026-02-26 14:17:18,2026-02-26 14:17:18,17.70,,Uniforme,G,25464260000149,Neobetel EPI,,,,,Novo,,,
1020001,60002,"Jardineira de segurança para saneamento, confeccionada em tecido sintético plastificado com PVC em ambas as faces (trevira), costuras através de solda eletrônica, com suspensório do mesmo material da vestimenta com meia argola para ajustes, botas de PVC forradas acopladas (fabricante da bota: BSB Produtora de Equipamentos de Proteção Individual S/A - CA nº 37.456).",28440,2026-05-13 00:00:00,BRASCAMP EQUIPAMENTOS DE PROTECAO DO TRABALHO LTDA,MERCADOLIVRE.COM ATIVIDADES DE INTERNET LTDA,1,2026-02-26 18:04:01,2026-02-26 18:04:01,178.99,180,Calcado,44,03361252000134,MERCADOLIVRE.COM ATIVIDADES DE INTERNET LTDA,(11) 25434155,,"DAS NACOES UNIDAS 3000, 3003, PARTE D, BONFIM, OSASCO, SP",,Reutilizado,,,
1020002,60002,Camisa Manga Longa Social Azul Escuro,,,,ESCARLATE,11,2026-02-26 19:47:09,2026-02-26 20:09:30,105.00,,Uniforme,G,01383434000180,ESCARLATE CONFECCOES LTDA,,,"BERNARDINO DE CAMPOS, 352, CENTRO, LORENA, SP",,Novo,,,
1020003,60002,Camisa Manga Longa Social Azul Escuro,,,,ESCARLATE,4,2026-02-26 19:48:58,2026-02-26 20:09:09,105.00,,Uniforme,GG,01383434000180,ESCARLATE CONFECCOES LTDA,,,"BERNARDINO DE CAMPOS, 352, CENTRO, LORENA, SP",,Novo,,,
1020004,60002,Camisa Manga Longa Social Azul Escuro,,,,ESCARLATE,1,2026-02-26 19:53:24,2026-02-26 20:09:02,105.00,,Uniforme,P,01383434000180,ESCARLATE CONFECCOES LTDA,,,"BERNARDINO DE CAMPOS, 352, CENTRO, LORENA, SP",,Novo,,,
1020005,60002,Camisa Manga Longa Social Azul Escuro,,,,ESCARLATE,3,2026-02-26 19:54:08,2026-02-26 20:10:17,105.00,,Uniforme,M,01383434000180,ESCARLATE CONFECCOES LTDA,,,"BERNARDINO DE CAMPOS, 352, CENTRO, LORENA, SP",,Novo,,,
1020006,60002,Camisa Manga Longa Brim,,,,PEDRO ANDRINI JUNIOR 29850039892,43,2026-02-26 20:07:35,2026-02-26 20:07:35,70.00,,Uniforme,M,28176174000129,PEDRO ANDRINI JUNIOR 29850039892,,,"SAO ROQUE, APARECIDA, SP",,Novo,,,
1020007,60002,Camisa Manga Longa Brim,,,,PEDRO ANDRINI JUNIOR 29850039892,1,2026-02-26 20:13:17,2026-02-26 20:13:17,70.00,,Uniforme,XXGG,28176174000129,PEDRO ANDRINI JUNIOR 29850039892,,,"SAO ROQUE, APARECIDA, SP",,Novo,,,
1020008,60002,Camisa Manga Longa Brim,,,,PEDRO ANDRINI JUNIOR 29850039892,4,2026-02-26 20:14:33,2026-02-26 20:14:33,70.00,,Uniforme,GG,28176174000129,PEDRO ANDRINI JUNIOR 29850039892,,,"SAO ROQUE, APARECIDA, SP",,Novo,,,
1020009,60002,Calça Brim,,,,PEDRO ANDRINI JUNIOR 29850039892,18,2026-02-26 20:17:15,2026-02-26 20:17:15,98.00,,Uniforme,XGG,28176174000129,PEDRO ANDRINI JUNIOR 29850039892,,,"SAO ROQUE, APARECIDA, SP",,Novo,,,
1020010,60002,Calça Brim,,,,PEDRO ANDRINI JUNIOR 29850039892,33,2026-02-26 20:19:54,2026-02-26 20:46:12,98.00,,Uniforme,GG,28176174000129,PEDRO ANDRINI JUNIOR 29850039892,,,"SAO ROQUE, APARECIDA, SP",,Novo,,,
1020011,60002,Calça Brim,,,,PEDRO ANDRINI JUNIOR 29850039892,39,2026-02-26 20:33:09,2026-03-10 17:20:10,98.00,,Uniforme,M,28176174000129,PEDRO ANDRINI JUNIOR 29850039892,,,"SAO ROQUE, APARECIDA, SP",,Novo,,,RODNEI ALEXANDRE DOS SANTOS SILVA
1020012,60002,Calça Brim,,,,PEDRO ANDRINI JUNIOR 29850039892,15,2026-02-26 20:45:01,2026-02-26 20:45:01,98.00,,Uniforme,XGG,28176174000129,PEDRO ANDRINI JUNIOR 29850039892,,,"SAO ROQUE, APARECIDA, SP",,Novo,,,
1020013,60002,Calça Brim,,,,PEDRO ANDRINI JUNIOR 29850039892,29,2026-02-26 20:47:17,2026-02-26 20:47:17,98.00,,Uniforme,G,28176174000129,PEDRO ANDRINI JUNIOR 29850039892,,,"SAO ROQUE, APARECIDA, SP",,Novo,,,
1020014,60002,Calça Brim,,,,,15,2026-02-26 20:48:14,2026-03-02 20:14:27,98.00,,Uniforme,XXGG,,,,,,,Novo,,,
1020015,60002,Calça Brim,,,,,6,2026-02-26 20:48:38,2026-02-26 20:48:38,98.00,,Uniforme,XGG,,,,,,,Novo,,,
1050001,60005,Camisa Branca Mannga Longa Branca Brim,,,,PEDRO ANDRINI JUNIOR 29850039892,32,2026-02-27 11:25:31,2026-02-27 11:27:57,70.00,,Uniforme,G,28176174000129,PEDRO ANDRINI JUNIOR 29850039892,,,"SAO ROQUE, APARECIDA, SP",,Novo,,,
1050003,60005,Jaqueta Zíper,,,,PEDRO ANDRINI JUNIOR 29850039892,1,2026-02-27 11:33:38,2026-02-27 11:33:38,150.00,,Uniforme,G,28176174000129,PEDRO ANDRINI JUNIOR 29850039892,,,"SAO ROQUE, APARECIDA, SP",,Novo,,,
1050004,60005,Jaqueta Zíper ,,,,,2,2026-02-27 11:34:12,2026-02-27 11:34:12,150.00,,Uniforme,P,,,,,,,Novo,,,
1050005,60005,Jaqueta Zíper,,,,,4,2026-02-27 11:35:10,2026-02-27 11:35:10,150.00,,Uniforme,M,,,,,,,Novo,,,
1050006,60002,"Capacete de segurança Tipo II com aba frontal classe B casco com três nervuras, com fendas laterais para acoplagem de acessórios (protetor facial ou auditivo), com suspensão fixa ao casco através de oito pontos de encaixe, regulagem de tamanho através de ajuste simples e tira absorvedora de suor em espuma coberta de material sintético com ou sem jugular ajustável, confeccionada em tira de tecido sintético e fixa na carneira e/ou separada com fechamento simples ou velcro. MARCA: UMP. “ESTE EQUIPAMENTO DEVERÁ APRESENTAR O SELO DE MARCAÇÃO DO INMETRO”.",29738,2026-12-17 00:00:00,ULTRA MASTER PLUG COMERCIO E INDUSTRIA DE EQUIPAMENTOS DE PR,Neobetel,3,2026-02-27 12:01:54,2026-02-27 12:06:59,9.66,365,EPI,,25464260000149,Neobetel EPI,,,,Branco,Reutilizado,,,
1050007,60002,"Capacete de segurança Tipo II com aba frontal classe B casco com três nervuras, com fendas laterais para acoplagem de acessórios (protetor facial ou auditivo), com suspensão fixa ao casco através de oito pontos de encaixe, regulagem de tamanho através de ajuste simples e tira absorvedora de suor em espuma coberta de material sintético com ou sem jugular ajustável, confeccionada em tira de tecido sintético e fixa na carneira e/ou separada com fechamento simples ou velcro. MARCA: UMP. “ESTE EQUIPAMENTO DEVERÁ APRESENTAR O SELO DE MARCAÇÃO DO INMETRO”.",29738,2026-12-17 00:00:00,ULTRA MASTER PLUG COMERCIO E INDUSTRIA DE EQUIPAMENTOS DE PR,,5,2026-02-27 12:05:39,2026-02-27 12:06:25,22.27,365,EPI,,,,,,,Azul,Reutilizado,,,
1050008,60002,"Capacete de segurança Tipo II com aba frontal classe B casco com três nervuras, com fendas laterais para acoplagem de acessórios (protetor facial ou auditivo), com suspensão fixa ao casco através de oito pontos de encaixe, regulagem de tamanho através de ajuste simples e tira absorvedora de suor em espuma coberta de material sintético com ou sem jugular ajustável, confeccionada em tira de tecido sintético e fixa na carneira e/ou separada com fechamento simples ou velcro. MARCA: UMP. “ESTE EQUIPAMENTO DEVERÁ APRESENTAR O SELO DE MARCAÇÃO DO INMETRO”.",29738,2026-12-17 00:00:00,ULTRA MASTER PLUG COMERCIO E INDUSTRIA DE EQUIPAMENTOS DE PR,,2,2026-02-27 12:08:28,2026-03-02 19:32:22,22.27,365,EPI,,,,,,,Amarelo,Reutilizado,,,
1050009,60002,"Capacete de segurança Tipo II com aba frontal classe B casco com três nervuras, com fendas laterais para acoplagem de acessórios (protetor facial ou auditivo), com suspensão fixa ao casco através de oito pontos de encaixe, regulagem de tamanho através de ajuste simples e tira absorvedora de suor em espuma coberta de material sintético com ou sem jugular ajustável, confeccionada em tira de tecido sintético e fixa na carneira e/ou separada com fechamento simples ou velcro. MARCA: UMP. “ESTE EQUIPAMENTO DEVERÁ APRESENTAR O SELO DE MARCAÇÃO DO INMETRO”.",29738,2026-12-17 00:00:00,ULTRA MASTER PLUG COMERCIO E INDUSTRIA DE EQUIPAMENTOS DE PR,,1,2026-02-27 12:09:38,2026-02-27 12:09:38,22.27,365,EPI,,,,,,,Verde,Reutilizado,,,
1050010,60002,Camisa Manga Longa Social Azul,,,,PEDRO ANDRINI JUNIOR 29850039892,1,2026-02-27 12:18:49,2026-02-27 12:18:49,105.00,,Uniforme,GG,28176174000129,PEDRO ANDRINI JUNIOR 29850039892,,,"SAO ROQUE, APARECIDA, SP",,Reutilizado,,,
1050011,60002,Camisa Manga Longa Social Azul,,,,ESCARLATE,2,2026-02-27 13:08:13,2026-02-27 13:08:13,105.00,,Uniforme,G,01383434000180,ESCARLATE CONFECCOES LTDA,,,"BERNARDINO DE CAMPOS, 352, CENTRO, LORENA, SP",,Novo,,,
1050012,60002,Camisa Manga Longa Social Branca,,,,ESCARLATE,1,2026-02-27 13:09:39,2026-02-27 13:10:16,105.00,,Uniforme,XXGG,01383434000180,ESCARLATE CONFECCOES LTDA,,,"BERNARDINO DE CAMPOS, 352, CENTRO, LORENA, SP",,Reutilizado,,,
1050013,60002,Camisa Manga Longa Brim,,,,PEDRO ANDRINI JUNIOR 29850039892,2,2026-02-27 13:22:01,2026-02-27 13:22:01,70.00,,Uniforme,XXGG,28176174000129,PEDRO ANDRINI JUNIOR 29850039892,,,"SAO ROQUE, APARECIDA, SP",,Reutilizado,,,
1050014,60002,Camisa Manga Longa Brim,,,,PEDRO ANDRINI JUNIOR 29850039892,5,2026-02-27 13:22:59,2026-02-27 13:22:59,70.00,,Uniforme,M,28176174000129,PEDRO ANDRINI JUNIOR 29850039892,,,"SAO ROQUE, APARECIDA, SP",,Reutilizado,,,
1050015,60002,Camisa Manga Longa Brim,,,,PEDRO ANDRINI JUNIOR 29850039892,7,2026-02-27 13:24:13,2026-02-27 13:24:13,70.00,,Uniforme,GG,28176174000129,PEDRO ANDRINI JUNIOR 29850039892,,,"SAO ROQUE, APARECIDA, SP",,Reutilizado,,,
1050016,60002,Camisa Manga Longa Brim,,,,PEDRO ANDRINI JUNIOR 29850039892,9,2026-02-27 13:25:13,2026-02-27 13:25:13,70.00,,Uniforme,G,28176174000129,PEDRO ANDRINI JUNIOR 29850039892,,,"SAO ROQUE, APARECIDA, SP",,Reutilizado,,,
1050017,60002,Camisa Manga Longa Brim,,,,PEDRO ANDRINI JUNIOR 29850039892,1,2026-02-27 13:25:59,2026-02-27 13:26:36,70.00,,Uniforme,XGG,28176174000129,PEDRO ANDRINI JUNIOR 29850039892,,,"SAO ROQUE, APARECIDA, SP",,Reutilizado,,,
1050018,60002,COLETE DE SINALIZAÇÃO REFLETIVO SEM BOLSO VICSA,,,,PEDRO ANDRINI JUNIOR 29850039892,3,2026-02-27 13:42:45,2026-02-27 13:43:06,17.70,,Uniforme,G,28176174000129,PEDRO ANDRINI JUNIOR 29850039892,,,"SAO ROQUE, APARECIDA, SP",,Reutilizado,,,
1050019,60002,Camisa Manga Longa Brim,,,,PEDRO ANDRINI JUNIOR 29850039892,6,2026-02-27 13:44:46,2026-02-27 13:44:46,70.00,,Uniforme,XGG,28176174000129,PEDRO ANDRINI JUNIOR 29850039892,,,"SAO ROQUE, APARECIDA, SP",,Reutilizado,,,
1050020,60002,Calça Brim,,,,PEDRO ANDRINI JUNIOR 29850039892,2,2026-02-27 13:46:25,2026-02-27 13:46:25,98.00,,Uniforme,XGG,28176174000129,PEDRO ANDRINI JUNIOR 29850039892,,,"SAO ROQUE, APARECIDA, SP",,Reutilizado,,,
1050021,60002,Calça Brim,,,,PEDRO ANDRINI JUNIOR 29850039892,6,2026-02-27 13:47:07,2026-02-27 13:47:28,98.00,,Uniforme,M,28176174000129,PEDRO ANDRINI JUNIOR 29850039892,,,"SAO ROQUE, APARECIDA, SP",,Reutilizado,,,
1050022,60002,Calça Brim,,,,,14,2026-02-27 13:48:12,2026-03-02 19:19:43,98.00,,Uniforme,GG,,,,,,,Reutilizado,,,
1050023,60002,Calça Brim,,,,PEDRO ANDRINI JUNIOR 29850039892,21,2026-02-27 13:48:56,2026-02-27 13:48:56,98.00,,Uniforme,GG,28176174000129,PEDRO ANDRINI JUNIOR 29850039892,,,"SAO ROQUE, APARECIDA, SP",,Reutilizado,,,
1050024,90001,Camiseta Malha PV Marinho,,,,VANIA C SANTOS,5,2026-02-27 13:54:26,2026-02-27 13:54:26,79.60,,Uniforme,GG,29591335000103,RVAN Confecções,(12) 99632-3600,,"CENTRO, GUARATINGUETA, SP",,Novo,,,
1050025,90001,Camiseta Malha PV Marinho,,,,VANIA C SANTOS,6,2026-02-27 13:55:03,2026-02-27 13:55:03,79.60,,Uniforme,M,29591335000103,RVAN Confecções,(12) 99632-3600,,"CENTRO, GUARATINGUETA, SP",,Novo,,,
1050026,90001,Camiseta Malha PV Marinho,,,,VANIA C SANTOS,2,2026-02-27 13:55:27,2026-02-27 13:55:27,79.60,,Uniforme,G,29591335000103,RVAN Confecções,(12) 99632-3600,,"CENTRO, GUARATINGUETA, SP",,Novo,,,
1050027,90001,Camiseta Malha PV Marinho,,,,VANIA C SANTOS,4,2026-02-27 13:56:21,2026-02-27 13:56:21,79.60,,Uniforme,XXGG,29591335000103,RVAN Confecções,(12) 99632-3600,,"CENTRO, GUARATINGUETA, SP",,Novo,,,
1050028,90001,Calça Brim Marinho,,,,VANIA C SANTOS,5,2026-02-27 13:57:13,2026-02-27 13:57:13,89.50,,Uniforme,GG,29591335000103,RVAN Confecções,(12) 99632-3600,,"CENTRO, GUARATINGUETA, SP",,Novo,,,
1050029,90001,Calça Brim Marinho,,,,VANIA C SANTOS,4,2026-02-27 13:57:53,2026-02-27 13:57:53,89.50,,Uniforme,M,29591335000103,RVAN Confecções,(12) 99632-3600,,"CENTRO, GUARATINGUETA, SP",,Novo,,,
1050030,90001,Calça Brim Marinho,,,,VANIA C SANTOS,3,2026-02-27 13:58:25,2026-02-27 13:58:25,89.50,,Uniforme,G,29591335000103,RVAN Confecções,(12) 99632-3600,,"CENTRO, GUARATINGUETA, SP",,Novo,,,
1050031,90001,Calça Brim Marinho,,,,VANIA C SANTOS,5,2026-02-27 13:58:53,2026-02-27 13:58:53,89.50,,Uniforme,XXGG,29591335000103,RVAN Confecções,(12) 99632-3600,,"CENTRO, GUARATINGUETA, SP",,Novo,,,
1380004,60002,"Luva de segurança confeccionada em vaqueta na palma, dorso em raspa, reforço interno na palma, elástico no dorso para ajuste.",40051,2027-04-01 00:00:00,JEAN FRANCISCO CHAGAS FARIA LTDA,,8,2026-03-05 11:20:31,2026-03-05 11:20:31,,60,EPI,,,,,,,,Novo,,,
1380005,60002,"Capa de chuva confeccionada em PVC com forro de poliéster, mangas longas, capuz, costuras através de solda eletrônica e fechamento frontal com quatro botões plásticos de pressão.",28191,2025-09-14 00:00:00,MAICOL DO BRASIL INDUSTRIA E COMERCIO LTDA,,12,2026-03-05 11:22:54,2026-03-12 16:30:38,20.00,180,Uniforme,G,,,,,,,Novo,,,Myrielle Fialho Borges Arcanjo
1440001,60002,"Capa de chuva confeccionada em PVC com forro de poliéster, mangas longas, capuz, costuras através de solda eletrônica e fechamento frontal com quatro botões plásticos de pressão.",28191,2025-09-14 00:00:00,MAICOL DO BRASIL INDUSTRIA E COMERCIO LTDA,,12,2026-03-12 16:31:28,2026-03-13 14:17:24,20.00,180,Uniforme,GG,,,,,,,Novo,,Myrielle Fialho Borges Arcanjo,
