id,version,titulo,descricao,tipo,modulos,criadoPor,dataPublicacao,createdAt
1,1,Estrutura Inicial do ERP,"Criação da estrutura base do sistema ERP RH & DP com autenticação OAuth, banco de dados, e layout do dashboard com sidebar.",feature,"Sistema, Autenticação, Layout",Sistema,2026-02-10 13:00:00,2026-02-23 22:45:06
2,10,Módulo de Empresas e Colaboradores,"Implementação completa do CRUD de empresas (multi-tenant) e colaboradores com dados pessoais, documentos, endereço e dependentes.",feature,"Empresas, Colaboradores",Sistema,2026-02-12 17:00:00,2026-02-23 22:45:06
3,20,Módulo de Obras e Relógios de Ponto,"Cadastro de obras com vinculação de SNs (relógios de ponto), alocação de funcionários por obra, e controle de status.",feature,"Obras, Relógios de Ponto",Sistema,2026-02-14 13:00:00,2026-02-23 22:45:06
4,30,Fechamento de Ponto e Upload DIXI,"Módulo completo de fechamento de ponto com upload de arquivos DIXI, processamento automático, detecção de conflitos, e consolidação mensal.",feature,"Fechamento de Ponto, Upload DIXI",Sistema,2026-02-16 13:00:00,2026-02-23 22:45:06
5,40,Folha de Pagamento e Vale Alimentação,"Módulo de folha de pagamento com upload de planilhas, cálculos automáticos, e módulo de vale alimentação com controle de créditos.",feature,"Folha de Pagamento, Vale Alimentação",Sistema,2026-02-17 13:00:00,2026-02-23 22:45:06
6,50,Dashboards e Relatórios,"Implementação de dashboards interativos para Funcionários, Cartão de Ponto, Folha de Pagamento, Horas Extras, EPIs e Jurídico. Relatório Raio-X do Funcionário.",feature,"Dashboards, Relatórios",Sistema,2026-02-19 13:00:00,2026-02-23 22:45:06
7,55,Módulos de Gestão de Pessoas,"Implementação de Aviso Prévio, Férias, CIPA, Contratos PJ, Processos Trabalhistas e Controle de EPIs.",feature,"Aviso Prévio, Férias, CIPA, Contratos PJ, Processos Trabalhistas, EPIs",Sistema,2026-02-20 13:00:00,2026-02-23 22:45:06
8,60,Configurações e Painel de Controle,"Módulo de configurações com Painel de Controle (drag and drop), Regras de Ouro, Critérios do Sistema, Minha Senha, Notificações por E-mail, Contrato PJ e Limpeza de Dados.",feature,"Configurações, Painel de Controle",Sistema,2026-02-21 13:00:00,2026-02-23 22:45:06
9,61,Auditoria e Lixeira,Sistema de auditoria com log de todas as ações do sistema. Lixeira com soft delete e restauração de registros excluídos.,feature,"Auditoria, Lixeira",Sistema,2026-02-21 19:00:00,2026-02-23 22:45:06
10,62,"Setores, Funções e Contas Bancárias","Módulos de cadastro de Setores, Funções e Contas Bancárias com CRUD completo e vinculação por empresa.",feature,"Setores, Funções, Contas Bancárias",Sistema,2026-02-22 13:00:00,2026-02-23 22:45:06
11,63,Correções de Permissões e Perfis de Usuário,"Correção do sistema de permissões (Admin Master, Admin, Usuário). Unificação da página de Usuários e Permissões. Filtro de menu por role no sidebar.",bugfix,"Usuários e Permissões, Configurações, Sidebar",Sistema,2026-02-23 13:00:00,2026-02-23 22:45:06
12,64,Correção Desconsolidação + Relógios na Obra + Controle de Revisões,Correção definitiva do bug de desconsolidação (Admin Master bloqueado). Adição de multi-select de relógios no formulário de Nova Obra. Criação do módulo Controle de Revisões visível apenas para Admin Master. Correção de permissões em adminProcedure para aceitar admin e admin_master.,bugfix,"Fechamento de Ponto, Obras, Revisões do Sistema, Permissões",Sistema,2026-02-23 22:30:00,2026-02-23 22:45:06
13,65,Correção definitiva desconsolidação + Layout responsivo Revisões,"Correções e melhorias:
- Correção DEFINITIVA do bug de desconsolidação: verificação de role agora usa .includes('admin') para aceitar qualquer variação (admin, admin_master)
- Fallback de segurança: owner do projeto sempre pode desconsolidar
- Layout responsivo na página Controle de Revisões: cards de estatísticas em grid 3x2 mobile / 6 colunas desktop
- Header da página de Revisões responsivo com empilhamento vertical em telas pequenas
- Log detalhado no backend para debug de permissões
- Atualização do número da revisão para Rev. 65",bugfix,"Fechamento de Ponto, Revisões do Sistema",Sistema,2026-02-24 01:30:00,2026-02-23 23:08:10
14,66,Navegação de ponto no Fechamento — clique no nome abre detalhe de ponto,"Melhorias na navegação do módulo Fechamento de Ponto:
- Clique no nome do colaborador agora abre a visão detalhada de ponto do mês (em vez de redirecionar para o Raio-X)
- Novo card totalizador no topo da visão de detalhe: Dias Trabalhados, Horas Totais, Horas Extras, Atrasos, Obras, Inconsistências e Conflitos
- Exibição da competência, jornada e badge de múltiplas obras no card totalizador
- Painel de inconsistências pendentes do funcionário exibido diretamente na visão de detalhe com botão Resolver
- Botão ""Raio-X Completo"" disponível no header da visão de detalhe como opção secundária
- Ícone de Raio-X na coluna de ações das tabelas (substituindo o ícone de olho)
- Comportamento consistente em todas as abas: Resumo por Colaborador, Inconsistências, Conflitos e Rateio por Obra",melhoria,Fechamento de Ponto,Sistema,2026-02-24 02:25:00,2026-02-23 23:23:40
15,67,Correção do fluxo de Advertência nas Inconsistências de Ponto,"Correção crítica no fluxo de advertência do módulo Fechamento de Ponto:
- Botão de Advertência nas inconsistências agora navega para o Controle de Documentos (aba Advertências) com formulário completo pré-preenchido
- O formulário abre com colaborador, data e motivo pré-preenchidos, mas o usuário DEVE escolher o tipo (Verbal, Escrita, Suspensão, etc.)
- A inconsistência NÃO é mais resolvida automaticamente ao gerar advertência — permanece pendente até ser tratada separadamente
- O dialog de ""Resolver Inconsistência"" agora só oferece ""Justificar"" e ""Marcar como Ajustado"" (advertência é ação separada)
- Fluxo completo: usuário define tipo, preenche testemunhas, revisa motivo e confirma no formulário padrão do Controle de Documentos
- Integração via sessionStorage para transferência segura de dados entre módulos",bugfix,"Fechamento de Ponto, Controle de Documentos",Sistema,2026-02-24 02:45:00,2026-02-23 23:43:34
16,68,Detecção Inteligente de Transferência de Obra nos Conflitos,"Melhoria significativa na análise de conflitos de obra no Fechamento de Ponto:
- O sistema agora distingue entre SOBREPOSIÇÃO REAL (mesmo horário, impossível) e TRANSFERÊNCIA DE OBRA (horários diferentes, provável remanejamento)
- Quando detecta transferência: exibe análise visual com obra de origem → obra de destino, gap de tempo entre batidas, e sugestão de horário de saída na obra anterior
- Badge ""Transferência"" (azul) diferencia visualmente das sobreposições (vermelho) e deslocamentos válidos (verde)
- Sugestão automática: ""Registre uma saída às HH:MM na obra X para fechar as horas corretamente""
- Alerta principal atualizado com contagem separada de sobreposições, transferências e deslocamentos válidos
- Lógica aplicada tanto na aba de Conflitos quanto na visão de Detalhe do Colaborador
- Backend enriquecido com campo transferAnalysis contendo fromObra, toObra, gapMinutes e suggestedExit",melhoria,Fechamento de Ponto,Sistema,2026-02-24 03:00:00,2026-02-24 00:00:09
17,69,Funcionários Não Identificados como Inconsistência Tratável,"Melhoria crítica na importação de arquivos DIXI:
- Funcionários não encontrados no cadastro agora são SALVOS como registros pendentes (antes eram descartados)
- Nova aba ""Não Identificados"" no Fechamento de Ponto mostra todos os nomes não reconhecidos
- Interface de vinculação: busca colaboradores do cadastro e vincula ao nome do relógio
- Ao vincular, o sistema reprocessa automaticamente os registros (calcula horas, extras, atrasos, inconsistências)
- Opção de descartar registros inválidos com registro de quem descartou
- Agrupamento por nome com contagem de registros e datas
- Badge com contagem de pendentes na aba
- Toast de importação reposicionado para o canto inferior esquerdo (não sobrepõe o botão de importar)
- Nova tabela unmatched_dixi_records para persistir os dados até resolução",melhoria,Fechamento de Ponto,Sistema,2026-02-24 03:00:00,2026-02-24 00:31:01
18,70,Salário/Hora Bidirecional + Código Interno em Destaque,"Melhorias no cadastro de colaboradores para funcionários horistas:
- Campo ""Valor da Hora"" agora é editável e bidirecional: digitar o valor da hora calcula o salário automaticamente, e vice-versa
- Valor da Hora destacado como ""Dado Mestre"" com borda azul e estrela — é a base real para cálculo da folha de pagamento
- Salário Base marcado como ""Referência mensal (varia conforme dias úteis)"" para deixar claro que é variável
- Ao alterar Horas Mensais, o salário é recalculado a partir do valor da hora (não o contrário)
- Código Interno (ex: JFC161) exibido em destaque grande no lado direito do header do colaborador
- Estrutura preparada para horistas: valor da hora fixo, salário varia conforme dias úteis do mês",melhoria,Colaboradores,Sistema,2026-02-24 03:00:00,2026-02-24 00:44:30
19,71,"Memória DIXI, Simulador Horistas, Tipo Horista","Memória de vinculação DIXI: ao vincular um nome não identificado, o sistema memoriza e faz auto-match nos próximos uploads. Aba Memória DIXI com CRUD completo. Simulador de Folha para Horistas: calcula custo mensal com base em dias úteis e valor/hora. Novo tipo de contrato Horista com destaque visual do campo Valor da Hora.",feature,"Fechamento de Ponto, Colaboradores",Sistema,2026-02-24 01:12:33,2026-02-24 01:12:33
20,72,Jornada 44h Semanais e Cálculo de HE Robusto,"Botão Aplicar 44h/semana no cadastro de colaboradores (Seg-Qui 07-17h, Sex 07-16h, Sáb 07-11h). Cálculo de horas semanais em tempo real no grid. Coluna Horas/dia por dia da semana. Sábado e Domingo sem jornada = toda hora trabalhada é HE automática. Separação correta HE 50% (sábado/dia útil) e HE 100% (domingo/feriado). Correção do parsing de intervalo no cálculo de expectedMinutes.",feature,"Colaboradores, Fechamento de Ponto, Folha de Pagamento",Sistema,2026-02-24 01:26:23,2026-02-24 01:26:23
21,73,Contrato de Experiência CLT,"Sistema completo de acompanhamento de contratos de experiência com alertas automáticos, ações na tela inicial (prorrogar/efetivar/desligar), cálculo automático de datas de vencimento e registro no histórico do colaborador",feature,"[""colaboradores"",""home""]",Sistema,2026-02-24 01:43:01,2026-02-24 01:43:01
30001,74,"Rev. 74 — Mega Atualização: EPI Custos, Rankings, Contratos, Perfis","Atualização completa com 9 funcionalidades:

1. Bug Fix — Exclusão de Advertências: corrigido filtro deletedAt em todas as queries de listagem
2. EPI — Campos de Custo e Vida Útil: valor do produto, tempo mínimo de troca, BDI configurável, lógica de cobrança
3. EPI — Ficha Padronizada para Impressão: ficha formal com logo, citações legais NR-6
4. Rankings de Pontualidade: Top 5 mais pontuais, atrasados, horas extras e menos dias
5. Preset 44h com Sábado: Seg-Sex 8h + Sáb 4h
6. Dashboard de Horas Extras: cards consolidados com totais
7. Desligamento Experiência Melhorado: categorias CLT Art. 479/480, cálculo indenização
8. Contrato de Experiência: documento CLT formal com 8 cláusulas
9. Reestruturação Perfis de Acesso: 3 abas separadas",feature,"EPIs, Controle de Documentos, Fechamento de Ponto, Folha de Pagamento, Colaboradores, Usuários e Permissões",Sistema,2026-02-24 03:06:10,2026-02-24 03:06:10
60001,75,Descontos EPI: Botões Confirmar/Cancelar + Banner de Custo,"Implementação completa do fluxo de aprovação de descontos EPI no Raio-X do funcionário.

1. Botões ""Confirmar Desconto"" e ""Cancelar Desconto"" (com justificativa obrigatória) na aba Descontos EPI
2. Tabela de descontos exibindo: EPI, Motivo, Qtd, Valor Unit., Valor Total, Mês Ref., Status e Ações
3. Resumo de descontos (Pendentes, Confirmados, Cancelados) com valores corretos
4. Banner verde ""Troca sem custo"" no formulário de entrega de EPI (desgaste normal)
5. Banner vermelho ""ATENÇÃO: Item gerará desconto em folha"" com valor + BDI (mau uso/perda/furto)
6. Correção dos valores R$0,00 — campos mapeados corretamente do Drizzle schema",feature,"EPIs,Raio-X,Descontos",Sistema,2026-02-24 10:00:00,2026-02-24 10:00:00
60002,76,Correção: Cadastro de EPI com nome longo (CA),"Correção do erro ao cadastrar EPIs com nomes muito longos vindos da consulta CAEPI.

Coluna ""nome"" na tabela epis aumentada de 255 para 1000 caracteres.
Coluna ""epi_nome"" na tabela epi_discount_alerts aumentada de 500 para 1000 caracteres.
Permite cadastrar EPIs como o CA 40906 (óculos de segurança com descrição completa).",bugfix,EPIs,Sistema,2026-02-24 11:00:00,2026-02-24 11:00:00
60003,77,Ordenação Alfabética de Colaboradores,"Lista de colaboradores agora exibida em ordem alfabética (A-Z) por padrão.

1. Backend com ORDER BY asc(nomeCompleto)
2. Frontend com localeCompare pt-BR como fallback
3. Correção de dados sujos: nome do MATHEUS tinha caractere TAB invisível no início
4. Sanitização automática no createEmployee e updateEmployee (remove TAB, \r, \n e espaços extras)",melhoria,Colaboradores,Sistema,2026-02-24 12:00:00,2026-02-24 12:00:00
60004,78,Correção: Percentuais de HE não persistiam,"Correção crítica: os percentuais de Horas Extras (Dias Úteis, Domingos/Feriados, Adicional Noturno) voltavam ao valor padrão após salvar.

Causa: frontend usava nomes errados (hePercentual50/100/Noturno). Corrigido para nomes do banco (heNormal50, he100, heNoturna) em Colaboradores.tsx e db.ts.",bugfix,"Colaboradores,Horas Extras",Sistema,2026-02-24 13:00:00,2026-02-24 13:00:00
60005,79,Auditoria Completa de Campos + Persistência,"Auditoria completa de todos os 89 campos do cadastro de funcionários.

1. 23 campos faltantes adicionados ao validFields (experiência, desligamento, HE feriado/interjornada, lista negra, etc.)
2. 5 campos do frontend que eram silenciosamente descartados: categoriaDesligamento, codigoInterno, dataDesligamentoEfetiva, motivoDesligamento, parentescoEmergencia
3. complementoObs renomeado para descricaoComplemento (nome correto no banco)
4. booleanFields corrigido: recebeComplemento e acordoHoraExtra são tinyint (boolean)
5. Sanitização automática de nomeCompleto no create e update",bugfix,"Colaboradores,Cadastro",Sistema,2026-02-24 14:00:00,2026-02-24 14:00:00
60006,80,HE Manual + Combobox Jornada + Critérios Globais + Central Fullscreen,"Atualização completa com 4 melhorias:

1. Campos de HE com digitação livre — sem mais spinner numérico nem limite de 100%, aceita 60%, 70%, 80% ou qualquer valor
2. Campos de horário da Jornada de Trabalho convertidos para combobox — opções pré-definidas + digitação manual livre (ex: 1h15 de intervalo)
3. Critérios globais de HE da empresa refletem no cadastro — campos mostram ""Empresa: 60% (CLT: 50%)"" e usam valores da empresa como padrão
4. Central de Alertas agora abre em tela cheia (fullscreen)
5. Página de Controle de Revisões agora é somente leitura (sem botão Nova Revisão)",feature,"Colaboradores,Horas Extras,Configurações,Central de Alertas,Revisões",Sistema,2026-02-24 19:00:00,2026-02-24 19:00:00
90001,81,Gap Analysis Completo - Reunião Gerencial RH,"Implementação de todos os 20 módulos faltantes do Gap Analysis:

• Template Aviso Prévio (gerar PDF)
• Alerta 80 dias fim de obra no Painel Principal
• Campos VT, Pensão Alimentícia, Licença Maternidade no cadastro
• Campos rateáveis por obra (seguro vida, sindicato, dissídio, CCT, DDS)
• Comparativo Descontos na Folha (sistema vs contabilidade)
• Cruzamento HE sistema x folha com auditoria
• Tabela de Feriados (CRUD + seed nacionais)
• Critério diferenças salariais (dissídio, reajuste retroativo)
• PJ Medições mensais (horas x valor hora)
• Upload documentos pessoais (S3)
• Regra vale dia 10 (critério configurável)
• Recontratação CPF com carência de 90 dias
• Campo Justiça Federal nos Processos Trabalhistas
• Sugestão automática de advertências por ponto",feature,"Aviso Prévio, Home, Cadastro, Folha, Feriados, PJ, Documentos, Ponto",Sistema,2026-02-25 11:17:07,2026-02-25 11:17:07
90002,82,Gap Analysis Completo + Fornecedor CNPJ + Dissídio,"Implementação completa do Gap Analysis (20 módulos): Template Aviso Prévio PDF, Alerta 80 dias obras, Campos VT/Pensão/Licença/Seguro/Sindicato/Dissídio, Tabela Feriados, PJ Medições, Upload Documentos S3, Comparativo Descontos Folha, Cruzamento HE, Regra vale dia 10, Recontratação CPF, JF Processos, Sugestão advertências. Módulo Dissídio por ano com critérios CLT/MTE. Campo Fornecedor com busca CNPJ via BrasilAPI no EPI.",feature,"[""EPIs"",""Dissídio"",""Folha"",""Feriados"",""PJ"",""Documentos"",""Aviso Prévio"",""Cadastro""]",Manus AI,2026-02-25 11:57:14,2026-02-25 11:57:14
90003,83,Fase 36: Frontend Completo + Dissídio por Ano,"Frontend completo: Feriados, PJ Medições, Upload Documentos, Aba Benefícios (pensão, licença maternidade, seguro vida, sindicato, dissídio, CCT, DDS, VT), Aba Descontos CLT na Folha, Aba Cruzamento HE, Módulo Dissídio separado por ano com critérios CLT/MTE",feature,"[""Dissídio"",""Feriados"",""PJ Medições"",""Documentos"",""Cadastro"",""Folha""]",Sistema,2026-02-25 11:57:20,2026-02-25 11:57:20
120001,84,Padronizar cores dos gráficos em todos os dashboards,"Padronização de cores: azul (#2563EB) para admissões/ativos, vermelho (#DC2626) para demissões/desligados. Paleta vibrante com 12 cores para demais gráficos. Criação do módulo chartColors.ts centralizado.",melhoria,"[""Dashboards"",""Gráficos""]",Sistema,2026-02-26 23:37:08,2026-02-26 23:37:08
120002,85,Corrigir campo de busca de colaboradores em todas as telas,"Correção do filtro de busca de colaboradores que não funcionava corretamente em diversas telas do sistema (SST, Ativos, Ponto e Folha).",bugfix,"[""Cadastro"",""SST"",""Ativos"",""Ponto e Folha""]",Sistema,2026-02-26 23:37:08,2026-02-26 23:37:08
120003,86,Reavaliação do cadastro de funcionários,"Revisão completa do formulário de cadastro de colaboradores com validação de campos obrigatórios, melhorias no layout e organização das abas.",melhoria,"[""Cadastro""]",Sistema,2026-02-26 23:37:08,2026-02-26 23:37:08
120004,87,Adicionar idade atual na ficha Raio X do funcionário,"Cálculo e exibição da idade atual do funcionário na ficha Raio-X, calculada automaticamente a partir da data de nascimento.",feature,"[""Raio-X""]",Sistema,2026-02-26 23:37:09,2026-02-26 23:37:09
120005,88,Corrigir dropdown e melhorar layout do Novo Aviso Prévio,Correção do dropdown de seleção de funcionários no formulário de Aviso Prévio. Melhoria no layout com campos organizados em grid responsivo.,bugfix,"[""Aviso Prévio""]",Sistema,2026-02-26 23:37:09,2026-02-26 23:37:09
120006,89,Corrigir filtro de busca + Limpeza deletedAt,Correção do filtro de busca de colaboradores no Aviso Prévio. Limpeza de registros com deletedAt preenchido incorretamente em todos os funcionários.,bugfix,"[""Aviso Prévio"",""Cadastro""]",Sistema,2026-02-26 23:37:09,2026-02-26 23:37:09
120007,90,Corrigir Cálculo de Previsão de Rescisão no Aviso Prévio,"Correção completa do cálculo de previsão de rescisão: saldo de salário, férias proporcionais + 1/3, 13º proporcional, aviso prévio indenizado, multa FGTS 40%.",bugfix,"[""Aviso Prévio"",""Rescisão""]",Sistema,2026-02-26 23:37:09,2026-02-26 23:37:09
120008,91,Apontamentos de Campo + Solicitação de Aviso Prévio,Novo módulo de Apontamentos de Campo para registro diário de atividades em obra. Fluxo de solicitação de aviso prévio com aprovação do gestor.,feature,"[""Apontamentos"",""Aviso Prévio""]",Sistema,2026-02-26 23:37:09,2026-02-26 23:37:09
120009,92,Corrigir cálculos de rescisão completamente,"Reescrita completa dos cálculos de rescisão seguindo CLT: saldo salário proporcional, férias vencidas + proporcionais + 1/3, 13º proporcional, aviso prévio (Lei 12.506/2011), multa FGTS 40%.",bugfix,"[""Aviso Prévio"",""Rescisão""]",Sistema,2026-02-26 23:37:09,2026-02-26 23:37:09
120010,93,Estrutura de Benefícios de Alimentação por Obra,"Configuração de benefícios de alimentação (café, lanche, VA/iFood, janta) por obra com valores personalizáveis. Integração com cálculo de rescisão para proporcionalidade.",feature,"[""Configurações"",""Benefícios"",""Rescisão""]",Sistema,2026-02-26 23:37:09,2026-02-26 23:37:09
120011,94,Reescrita Completa do Cálculo de Rescisão + Lei 12.506/2011,"Template PDF de Aviso Prévio, alerta 80 dias fim de obra, campos VT/Pensão/Licença Maternidade, campos rateáveis por obra, comparativo descontos folha, cruzamento HE, tabela de feriados, PJ Medições, upload documentos S3, regra vale dia 10, recontratação CPF 90 dias, campo Justiça Federal, sugestão advertências por ponto.",feature,"[""Aviso Prévio"",""Rescisão"",""Cadastro"",""Folha"",""Feriados"",""PJ Medições"",""Documentos""]",Sistema,2026-02-26 23:37:09,2026-02-26 23:37:09
120012,95,Simplificar formulário de Aviso Prévio,"Remoção de campos redundantes (Data de Desligamento automática, VR Diário override). Reorganização do layout do formulário em grid 2 colunas.",melhoria,"[""Aviso Prévio""]",Sistema,2026-02-26 23:37:09,2026-02-26 23:37:09
120013,96,Campos HE livres + Jornada combobox + Critérios globais HE,"Campos de HE com digitação livre (sem spinner), campos de horário da Jornada convertidos para combobox, critérios globais de HE da empresa refletem no cadastro, Central de Alertas fullscreen, Revisões somente leitura.",melhoria,"[""Cadastro"",""Horas Extras"",""Alertas"",""Revisões""]",Sistema,2026-02-26 23:37:09,2026-02-26 23:37:09
120014,97,Correção de 23 campos faltantes no validFields,"23 campos faltantes adicionados ao validFields (experiência, desligamento, HE feriado/interjornada, lista negra). 5 campos do frontend corrigidos. complementoObs renomeado. booleanFields corrigido. Sanitização automática de nomeCompleto.",bugfix,"[""Cadastro"",""Backend""]",Sistema,2026-02-26 23:37:09,2026-02-26 23:37:09
120015,98,Opções de Estado Civil + Melhorias de cadastro,Adição de novas opções de estado civil no cadastro de colaboradores. Melhorias gerais no formulário de cadastro.,melhoria,"[""Cadastro""]",Sistema,2026-02-26 23:37:09,2026-02-26 23:37:09
120016,99,"Cores padronizadas dos gráficos (Azul=Admissão, Vermelho=Demissão)","Implementação definitiva da regra de cores: Azul (#2563EB) para admitidos/ativos, Vermelho (#DC2626) para desligados/demissões em TODOS os gráficos. Paleta vibrante com 12 cores para demais gráficos.",melhoria,"[""Dashboards"",""Gráficos""]",Sistema,2026-02-26 23:37:09,2026-02-26 23:37:09
120017,100,Banner de Aviso Prévio no Raio-X do Funcionário,"Banner vermelho de aviso prévio no Raio-X do funcionário (canto superior direito). Só aparece quando status ativo/em_andamento/pendente. Mostra tipo, datas, dias restantes, pulsa se urgente (≤3 dias), destaque se vencido.",feature,"[""Raio-X"",""Aviso Prévio""]",Sistema,2026-02-26 23:37:09,2026-02-26 23:37:09
120018,101,Gráficos Clicáveis com Drill-Down no Dashboard,"Todos os gráficos do Dashboard de Funcionários agora são clicáveis. Ao clicar em uma barra, fatia ou ponto, abre um modal com a lista detalhada dos funcionários correspondentes (nome, função, setor, status, data admissão). Rota backend de drill-down com filtros por status, gênero, contrato, faixa etária, função, setor, cidade, estado civil, tempo de empresa, admissão/demissão por mês.",feature,"[""Dashboards"",""Funcionários""]",Sistema,2026-02-26 23:37:09,2026-02-26 23:37:09
120019,102,Componente DrillDownModal + DashChart com onClick,"Criação do componente DrillDownModal reutilizável para exibir detalhes dos funcionários ao clicar nos gráficos. Componente DashChart atualizado com suporte a onClick, cursor pointer, tooltip com indicação de clique, e destaque visual hover.",feature,"[""Dashboards"",""Componentes""]",Sistema,2026-02-26 23:37:09,2026-02-26 23:37:09
120020,103,Confirmação de cores Admissões x Demissões + Registro de Revisões,"Verificação e confirmação das cores do gráfico de Admissões x Demissões: Azul (#2563EB) para admissões/ativos, Vermelho (#DC2626) para demissões/desligados. Registro de todas as revisões pendentes (84-103) no banco de dados. Atualização do número de versão para Rev. 103.",melhoria,"[""Dashboards"",""Gráficos"",""Revisões""]",Sistema,2026-02-26 23:37:09,2026-02-26 23:37:09
120021,104,"Paleta de cores harmoniosa, drill-down full screen, edição Aviso Prévio, timeline expandida","Paleta de cores dos gráficos totalmente reformulada com tons suaves e harmoniosos. Drill-down dos gráficos agora abre em tela cheia. Botão de edição adicionado no Aviso Prévio. Timeline do Raio-X expandida com todos os eventos (aviso prévio com status, férias, CIPA, PJ, horas extras, desconto EPI, processos trabalhistas). Menu renomeado de HE para Hora Extra.",melhoria,"[""Dashboard Funcionários"",""Aviso Prévio"",""Raio-X"",""Menu""]",system,2026-02-26 23:55:39,2026-02-26 23:55:39
150001,105,Correção do card de aviso prévio sem nome de funcionário,"Correção do card de aviso prévio que mostrava nome vazio para funcionários excluídos. Alterado innerJoin para leftJoin na query de listagem, adicionado fallback ""Funcionário excluído"" quando o empregado não existe mais no banco de dados.",bugfix,"[""Aviso Prévio""]",Sistema,2026-02-28 00:11:11,2026-02-27 21:00:00
150002,106,Correção do perfil de usuário - Alteração para ADM,"Corrigido o dropdown de Perfil Global na tela Configurar Usuário. Agora Admin e Admin Master podem alterar perfis de outros usuários. Admin pode promover para Usuário ou Admin, Admin Master pode promover para qualquer perfil incluindo Admin Master.",bugfix,"[""Usuários"", ""Configurações""]",Sistema,2026-02-28 00:11:11,2026-02-27 21:15:00
150003,107,Correção da data de término do aviso prévio,Corrigido o cálculo da data de término do aviso prévio: o dia de início agora conta como dia 1. Exemplo: início 12/02 + 30 dias = término 13/03 (antes mostrava 14/03). Atualizados 40 registros existentes no banco de dados.,bugfix,"[""Aviso Prévio""]",Sistema,2026-02-28 00:11:11,2026-02-27 21:30:00
150004,108,Novos módulos Em Desenvolvimento na tela inicial,"Adicionados 11 novos módulos na seção Em Desenvolvimento: CRM, Comercial, Pós-Obras, Medição de Obras, Diário de Obras, Gestão de Contratos, Gestão de Subempreiteiros, Almoxarifado/Estoque de Obra, Assistência Técnica, Documentação de Obra e Indicadores/BI.",feature,"[""Tela Inicial"", ""Módulos""]",Sistema,2026-02-28 00:11:11,2026-02-27 22:00:00
150005,109,Valor total estimado no Painel RH + Ocultação de cards órfãos,Adicionado valor total estimado (R$) no topo da seção Avisos Prévios em Andamento do Painel RH. Cards de funcionários excluídos agora são automaticamente ocultados da listagem.,melhoria,"[""Painel RH"", ""Aviso Prévio""]",Sistema,2026-02-28 00:11:11,2026-02-27 22:30:00
150006,110,Cards de aviso prévio clicáveis com cálculo de rescisão + Gráficos responsivos,"Cards de aviso prévio no Painel RH agora são clicáveis, abrindo dialog com detalhamento completo da rescisão (saldo salário, férias, 13º, FGTS, multa 40%, descontos). Gráficos de doughnut/pizza agora adaptam legenda: embaixo no mobile, à direita no desktop.",melhoria,"[""Painel RH"", ""Aviso Prévio"", ""Dashboards""]",Sistema,2026-02-28 00:11:11,2026-02-27 23:00:00
150007,111,Redesign Medições PJ + Dashboard Jurídico responsivo + Breakpoint xs,"Tela de Medições PJ totalmente redesenhada com layout profissional (cards KPI com gradientes, lista em cards individuais, dialog de detalhes). Dashboard Jurídico com KPIs responsivos para valores monetários. Adicionado breakpoint xs (480px) ao Tailwind para melhor responsividade mobile.",melhoria,"[""Medições PJ"", ""Dashboard Jurídico"", ""Sistema""]",Sistema,2026-02-28 00:11:11,2026-02-28 00:10:00
150008,112,Drill-down interativo nos gráficos de Aviso Prévio,"Gráficos ""Avisos por Setor"" e ""Top 10 Funções com Avisos"" no Dashboard de Aviso Prévio agora são clicáveis. Ao clicar em uma barra, abre um dialog detalhado com a lista de todos os funcionários daquela função/setor, mostrando nome, tipo de aviso, dias, redução de jornada, datas e valor estimado da rescisão. Inclui totalização do valor por grupo.",feature,"[""Dashboard Aviso Prévio"",""DashChart""]",Sistema,2026-02-28 00:35:48,2026-02-28 00:35:48
180001,112,DataJud + Dashboards + Responsividade,"Atualização DataJud para preenchimento automático de dados processuais (classe, vara, tribunal, grau, assuntos, movimentações). Adição de botão Voltar aos Dashboards em todos os 8 dashboards analíticos. Dashboard de Férias agora integrado ao DashboardLayout com sidebar. Auditoria de responsividade dos gráficos confirmada.",melhoria,"Jurídico, Dashboards, Férias",Sistema,2026-02-28 09:22:34,2026-02-28 09:22:34
180002,113,IA Jurídica + Assuntos DataJud,"IA Jurídica: Análise inteligente de processos com LLM, estimativa de valores, pontos fortes/fracos, jurisprudência, caminhos estratégicos. Links diretos para tribunais (PJe/TST). Gráfico de assuntos DataJud no Dashboard Jurídico. Banco de aprendizado para IA.",feature,"[""juridico"",""dashboards""]",Sistema,2026-02-28 09:54:08,2026-02-28 09:54:08
180003,114,"Rev. 114 - IA Jurídica, Formatação e Interatividade",IA Jurídica com análise inteligente de processos trabalhistas via LLM. Banco de aprendizado para sugestões assertivas. Link direto para tribunal. Gráfico Assuntos Mais Comuns corrigido. Números formatados pt-BR. Jornada em tabela formatada. Faltas e atrasos clicáveis no Raio-X. Modal detalhamento Fluxo de Caixa. Gráfico Gantt de férias.,feature,"[""Jurídico"",""EPIs"",""Cartão de Ponto"",""Férias"",""Raio-X""]",Sistema,2026-02-28 10:06:55,2026-02-28 10:06:55
210001,115,Rev. 115 - Recálculo em Tempo Real + Correções Financeiras,"Melhorias significativas nos cálculos financeiros do sistema:

• AVISO PRÉVIO - Tempo de serviço detalhado: Card de detalhes agora mostra anos, meses e dias (ex: ""11 meses, 24 dias de serviço"") ao invés de apenas anos
• AVISO PRÉVIO - Recálculo em tempo real: Lista principal e Dashboard agora recalculam valores de rescisão em tempo real usando dados atuais dos funcionários, ao invés de usar valores armazenados no banco
• AVISO PRÉVIO - Nome do colaborador: Card de detalhes agora mostra nome, CPF e cargo corretamente (antes aparecia ""—"")
• DASHBOARD AVISO PRÉVIO - Todos os indicadores financeiros (Custo Total, Em Andamento, Concluído, breakdown de rescisão, custo por setor) recalculados em tempo real
• VISÃO PANORÂMICA - Massa Salarial corrigida: Agora usa parseBRL para formato brasileiro (""2.774,20"") ao invés de parseFloat que truncava valores
• VISÃO PANORÂMICA - Avisos Prévios recalculados em tempo real no painel executivo
• VISÃO PANORÂMICA - Custo férias vencidas e valor em risco jurídico corrigidos para usar parseBRL
• Inclusão de dataAdmissao no JSON previsaoRescisao do getById para cálculo de tempo de serviço no frontend",melhoria,"[""Aviso Prévio"",""Dashboard Aviso Prévio"",""Visão Panorâmica"",""Painel RH""]",Sistema,2026-02-28 15:24:31,2026-02-28 15:24:31
210002,116,Rev. 116 - Liquidação de Férias + Cards Clicáveis Aviso Prévio,"Três melhorias implementadas: (1) Liquidação de 38 períodos de férias anteriores a 2024 via banco de dados, marcando como concluídas (funcionários antigos já haviam recebido). (2) Cards do Resumo Financeiro no Dashboard de Aviso Prévio agora são clicáveis — ao clicar em Custo Total, Em Andamento, Concluído ou Cancelado, abre dialog detalhado com lista de funcionários, valores individuais e totalização. (3) Centro de Comando já com cores claras e layout responsivo confirmado.",feature,"[""Férias"", ""Dashboard Aviso Prévio"", ""Centro de Comando""]",Sistema,2026-02-28 16:51:51,2026-02-28 16:51:51
210003,117,Excluir Desligados de Todos os Cálculos Ativos,"Colaboradores com status Desligado ou Lista_Negra agora são automaticamente excluídos de todos os cálculos ativos do sistema: férias (listagem, vencidas, calendário, alertas, férias do mês), vale alimentação (listagem e estatísticas), dashboards de férias e horas extras. Teste prático confirmou que ao desligar um funcionário, ele desaparece imediatamente de férias e VA.",melhoria,"Sistema,Férias,Vale Alimentação,Dashboards",Manus AI,2026-02-28 17:13:32,2026-02-28 17:13:32
210004,118,Badge Crítico Clicável + Filtro Aviso Prévio no Raio-X,"Novo filtro Aviso Prévio na barra de filtros do Raio-X do Funcionário, mostrando colaboradores com aviso prévio em andamento com badge laranja. Badge de saúde (Crítico/Atenção/Saudável) na Visão Panorâmica agora é clicável, abrindo dialog com detalhamento completo da pontuação: gráfico circular, resumo executivo, KPIs críticos/atenção/OK, riscos que impactam a nota e pontos fracos com recomendações.",feature,"Raio-X,Visão Panorâmica,Dashboards",Manus AI,2026-02-28 17:24:40,2026-02-28 17:24:40
210005,119,Botão Recalcular Todos + Valor Total nos Cards de Aviso Prévio,"Novo botão Recalcular Todos no header da tela de Aviso Prévio que recalcula automaticamente todos os avisos em andamento com as regras atualizadas (salário atual, tempo de serviço, previsão de rescisão). Cards de resumo agora mostram o valor total estimado em cada categoria (Total, Em Andamento, Concluídos).",feature,Aviso Prévio,Manus AI,2026-02-28 17:37:05,2026-02-28 17:37:05
210006,120,Exames Customizados Persistentes no ASO,Exames adicionados pelo campo Adicionar outro exame agora são salvos no banco de dados e ficam disponíveis automaticamente na lista de exames para os próximos ASOs da mesma empresa. Tabela custom_exams com constraint unique por empresa. Toast de confirmação ao adicionar.,feature,"Controle de Documentos, ASO",Manus AI,2026-02-28 17:44:37,2026-02-28 17:44:37
210007,121,Filtro por Ano no Dashboard de Férias,"Dashboard de Férias agora filtra todos os dados (cards quantitativos, financeiros, alertas, gráficos) pelo ano selecionado no filtro superior. Períodos de anos anteriores não são mais somados nos totais do ano corrente.",bugfix,"[""Dashboard de Férias""]",Sistema,2026-02-28 17:54:33,2026-02-28 17:54:33
210008,133,Dashboard Efetivo por Obra - Status em Tempo Real,"Detalhamento por Obra com colunas Aviso Prévio, Férias e Afastados em tempo real. Gráfico de distribuição por função com barras empilhadas por status (Ativo=verde, Aviso=vermelho, Férias=azul, Afastado=amarelo). Clique na barra filtra a tabela de funcionários. Botões Imprimir e PDF com layout A4 profissional, logo da empresa e rodapé LGPD. Auto-desalocação de funcionários desligados. Botão fechar no Assistente IA. Invalidação automática de dados ao criar/concluir aviso prévio ou férias.",feature,"[""Dashboard Efetivo por Obra"",""Aviso Prévio"",""Férias"",""Colaboradores"",""Assistente IA""]",Manus AI,2026-02-28 23:15:10,2026-02-28 23:15:10
210009,122,Dialog Férias Full Screen + Filtro por Ano nos Dashboards,Dialog 'Férias do Funcionário' convertido para tela cheia. Filtro por ano adicionado no Dashboard de Aviso Prévio (backend + frontend). Dashboard de Férias corrigido para filtrar períodos antigos.,melhoria,"Dashboard de Férias,Aviso Prévio",Manus AI,2026-03-01 00:48:31,2026-03-01 00:48:31
210010,123,Vinculação de Funcionários a Obras (Alocação de Efetivo),"Sistema completo de alocação de efetivo por obra. Tabelas employee_site_history e obra_ponto_inconsistencies criadas. CRUD de alocações com histórico, transferência e encerramento. Tela Efetivo por Obra com 3 abas (Efetivo, Sem Obra, Inconsistências). Dashboard Efetivo por Obra com histograma e evolução mensal. Integração automática com importação de AFD para detecção de inconsistências ponto x obra.",feature,"Obras,Efetivo,Ponto Eletrônico,Dashboard Efetivo",Manus AI,2026-03-01 00:48:31,2026-03-01 00:48:31
210011,124,KPIs Clicáveis no Dashboard de Férias,"KPIs de status e financeiros no Dashboard de Férias agora são clicáveis, filtrando todos os dados do dashboard para o status selecionado. Feedback visual com destaque no KPI ativo.",melhoria,Dashboard de Férias,Manus AI,2026-03-01 00:48:31,2026-03-01 00:48:31
210012,125,Dialog Alocar Funcionário com Multi-Select,"Dialog de alocação de funcionários melhorado com campo de busca, seleção múltipla com chips/tags, filtro por nome/matrícula/CPF e alocação em lote na mesma obra.",melhoria,"Obras,Efetivo",Manus AI,2026-03-01 00:48:31,2026-03-01 00:48:31
210013,126,Correções e Melhorias Diversas,"Horário UTC corrigido para GMT-3 (Brasília) no módulo jurídico. Raio-X full screen ao clicar no nome do funcionário em ASO, ObraEfetivo, EPIs, Processos Trabalhistas, Vale Alimentação e Solicitação HE. KPIs financeiros do Dashboard de Férias clicáveis. Tipo de contrato 'Horista' removido (127 registros migrados para CLT). Mapa de Distribuição por Estado com 'Não informado' e total no ranking.",bugfix,"Jurídico,ASO,Obras,EPIs,Férias,Colaboradores",Manus AI,2026-03-01 00:48:31,2026-03-01 00:48:31
210014,127,Dashboard Análise de Perfil por Tempo de Casa,"Novo dashboard que agrupa funcionários por faixa de tempo de casa e cruza com estado civil, localidade, função, gênero, faixa etária e obra. Inclui análise de IA com insights de pontos positivos e negativos.",feature,"Dashboard Perfil,Análise IA",Manus AI,2026-03-01 00:48:31,2026-03-01 00:48:31
210015,128,Correções Assistente IA + Dialog Alocação Full Screen,Assistente renomeado de 'Assistente FC' para 'Assistente'. Botão X fecha/minimiza o chat completamente no celular. Tamanho do chat ajustado no mobile. Dialog 'Alocar Funcionários' convertido para FullScreenDialog com filtros (Todos/Sem Obra/Com Obra).,bugfix,"Assistente IA,Obras,Efetivo",Manus AI,2026-03-01 00:48:31,2026-03-01 00:48:31
210016,129,Busca sem Acentos + LGPD + Regra de Alocação Única,Busca ignorando acentos/caracteres especiais no dialog de alocação e demais telas de pesquisa. Rodapé LGPD adicionado em todas as páginas com DashboardLayout. Validação de alocação única por obra com dialog de transferência.,melhoria,"Busca,LGPD,Obras,Efetivo",Manus AI,2026-03-01 00:48:31,2026-03-01 00:48:31
210017,130,Dashboard Efetivo por Obra + Regra Alocação,"Validação backend de alocação única por obra com dialog de transferência. PrintFooterLGPD adicionado em 11 páginas. Dashboard Efetivo por Obra cruzando dados de alocação com cartão de ponto mensal, filtro por mês/ano, efetivo real baseado em ponto + alocação.",feature,"Dashboard Efetivo,Obras,LGPD",Manus AI,2026-03-01 00:48:32,2026-03-01 00:48:32
210018,131,Correções ObraEfetivo: Clicar na Obra,"Clicar no card da obra abre FullScreenDialog com equipe e opção de alocar. Atualização em tempo real ao alocar funcionário. Linha de TOTAL na tabela Detalhamento por Obra. Correção da discrepância 'Sem Obra' (KPIs vs dialog). Equipe separada por status (Ativo, Aviso Prévio, Férias, Afastado, Recluso).",bugfix,"Dashboard Efetivo,Obras",Manus AI,2026-03-01 00:48:32,2026-03-01 00:48:32
210019,132,Dashboard Efetivo: FullScreen Equipe + Histograma + Auto-desligamento,"Ver equipe abre FullScreenDialog com tabela agrupada por função e histograma. Auto-remoção de funcionário da obra quando desligado. Colunas Aviso Prévio, Afastados e Férias no Detalhamento por Obra com atualização automática.",feature,"Dashboard Efetivo,Obras,Colaboradores",Manus AI,2026-03-01 00:48:32,2026-03-01 00:48:32
210020,134,Dashboard Controle de Documentos + Fix Gráfico Aviso Prévio,"Novo Dashboard de Controle de Documentos com 6 KPIs (total, em dia, vencidos, a vencer 30d/90d, compliance %), gráficos por categoria (ASO, Treinamento, CNH, Docs Pessoais), timeline de vencimentos 13 semanas, tabela de alertas com filtros e Raio-X clicável. Gráfico Evolução Mensal de Avisos Prévios corrigido para mostrar todos os 12 meses do ano.",feature,"Dashboard Documentos,Aviso Prévio,ASO,Treinamentos,CNH",Manus AI,2026-03-01 00:48:32,2026-03-01 00:48:32
210021,135,Correção Funcionários na Solicitação de HE,Corrigido bug onde funcionários não apareciam ao selecionar obra na Solicitação de Horas Extras. Causa: filtro usava campos inexistentes. Agora busca pela tabela obraFuncionarios (alocações ativas) + fallback pelo obraAtualId. Seleção limpa ao trocar de obra.,bugfix,"Horas Extras,Obras",Manus AI,2026-03-01 00:48:32,2026-03-01 00:48:32
210022,140,Excluir Solicitação HE + Fix Filtro Mês,"Botão Excluir para solicitações de HE (Admin Master only) com confirmação inline na listagem e FullScreenDialog. Opção ""Todos os meses"" no filtro para evitar solicitações desaparecendo. Mês padrão corrigido para mês atual. Verificação de permissão backend+frontend. Toast de sucesso/erro. Invalidação automática de queries.",feature,Solicitação HE,Manus AI,2026-03-01 01:27:04,2026-03-01 01:27:04
210023,141,Bug Fix: Admin Master não consegue excluir HE,"Correção: endpoint de exclusão de HE comparava role com ""admin"" ao invés de ""admin_master"", impedindo o Admin Master de excluir solicitações. Corrigido para ctx.user.role !== ""admin_master"".",bugfix,Solicitação HE,Manus AI,2026-03-01 01:33:34,2026-03-01 01:33:34
240001,142,Sprint 2 - Módulos Terceiros e Parceiros,"Novos módulos independentes na tela principal: Terceiros (cadastro empresas terceiras, funcionários terceiros, obrigações mensais, painel) e Parceiros (cadastro conveniados, lançamentos, guia de descontos, pagamentos). Cada módulo com sidebar própria, cor e ícone distintos. 9 novas páginas, 7 novas tabelas no banco, 2 novos routers tRPC.",feature,"Terceiros, Parceiros",Sistema,2026-03-01 12:36:12,2026-03-01 12:36:12
270001,143,Dialog Cálculos da Rescisão Fullscreen,Dialog de cálculos da rescisão agora abre em tela cheia (fullscreen) para melhor visualização dos dados e tabelas de cálculo.,melhoria,RH & DP,Sistema,2026-03-03 08:47:18,2026-03-03 08:47:18
270002,144,Correção Edição de Convenção Coletiva Matriz,Corrigido erro ao editar Convenção Coletiva Matriz que impedia salvar as alterações corretamente.,bugfix,Sindical,Sistema,2026-03-03 08:47:18,2026-03-03 08:47:18
270003,145,Melhoria Dialog Cálculos da Rescisão,"Melhorias visuais e funcionais no dialog de cálculos da rescisão: layout aprimorado, campos reorganizados e melhor responsividade.",melhoria,RH & DP,Sistema,2026-03-03 08:47:18,2026-03-03 08:47:18
270004,146,Correção Persistente ao Salvar Convenção Coletiva,Corrigido erro persistente que impedia salvar a Convenção Coletiva. Ajuste na validação de campos e tratamento de dados.,bugfix,Sindical,Sistema,2026-03-03 08:47:18,2026-03-03 08:47:18
270005,147,Aumentar Tamanho do Dialog Cálculos da Rescisão,Aumentado o tamanho do dialog de cálculos da rescisão para comportar melhor todas as informações e tabelas comparativas.,melhoria,RH & DP,Sistema,2026-03-03 08:47:18,2026-03-03 08:47:18
270006,148,Comparativo de Custos: Aviso Trabalhado vs Indenizado,Nova funcionalidade de comparativo de custos entre Aviso Prévio Trabalhado e Indenizado. Tabela detalhada com todos os encargos e projeção financeira para tomada de decisão.,feature,RH & DP,Sistema,2026-03-03 08:47:18,2026-03-03 08:47:18
270007,149,Dialog Cálculos da Rescisão Fullscreen Aprimorado,Aprimoramento final do dialog de cálculos da rescisão em fullscreen com melhor organização visual e navegação entre seções.,melhoria,RH & DP,Sistema,2026-03-03 08:47:18,2026-03-03 08:47:18
270008,150,Correção Permissões de Módulos na Sidebar,Corrigido problema onde módulos apareciam na sidebar mesmo sem permissão de acesso. Agora o sidebar respeita corretamente as permissões do grupo do usuário.,bugfix,Sistema,Sistema,2026-03-03 08:47:19,2026-03-03 08:47:19
270009,151,Melhoria Dialog Cálculos da Rescisão - Versão Final,"Versão final do dialog de cálculos da rescisão com todas as melhorias solicitadas: layout fullscreen, tabelas comparativas, campos reorganizados e impressão otimizada.",melhoria,RH & DP,Sistema,2026-03-03 08:47:19,2026-03-03 08:47:19
270010,152,Sistema de Grupos de Usuários com Permissões Granulares,"Novo sistema completo de grupos de usuários com permissões granulares por módulo e funcionalidade. Perfil Campo/Obra com restrições específicas. Controle de acesso por Ver, Criar, Editar, Excluir em cada seção do sistema. Suporte a visualização somente leitura e ocultação de dados sensíveis.",feature,"Admin, Sistema",Sistema,2026-03-03 08:47:19,2026-03-03 08:47:19
270011,153,Correção de Bugs de Permissões de Grupo,"Corrigidos diversos bugs no sistema de permissões de grupo: checkboxes que não salvavam corretamente, permissões que não eram aplicadas ao navegar entre módulos, e inconsistências na exibição de itens restritos.",bugfix,"Admin, Sistema",Sistema,2026-03-03 08:47:19,2026-03-03 08:47:19
270012,154,Correção Sidebar Seletor de Módulos,"Corrigido o seletor de módulos na sidebar que não funcionava corretamente em alguns cenários. Melhorada a navegação entre módulos RH & DP, SST, Jurídico e Avaliação.",bugfix,Sistema,Sistema,2026-03-03 08:47:19,2026-03-03 08:47:19
270013,155,Ocultar Quadro de Pessoal para TST,"Implementada regra para ocultar o Quadro de Pessoal na sidebar para usuários do grupo TST (Técnico de Segurança do Trabalho). Mantém visível apenas Ativos, Férias, Afastados, Licença e Desligados.",feature,"Sistema, SST",Sistema,2026-03-03 08:47:19,2026-03-03 08:47:19
270014,156,Atalhos Sidebar Operacional,Adicionados atalhos diretos na seção Operacional do sidebar: 'Lançar Atestados' e 'Advertências' para acesso rápido às funcionalidades mais utilizadas pelo RH.,feature,RH & DP,Sistema,2026-03-03 08:47:19,2026-03-03 08:47:19
270015,157,Correção Bug Checkboxes Permissões,Corrigido bug onde desmarcar o checkbox 'Ver' fazia o item sumir da lista de permissões do grupo. Agora todas as rotas de cada seção são sempre exibidas independente do estado do checkbox.,bugfix,Admin,Sistema,2026-03-03 08:47:19,2026-03-03 08:47:19
270016,158,Correção Atalhos Sidebar (Advertências e Atestados),Corrigidos os atalhos 'Advertências' e 'Lançar Atestados' no sidebar para abrir diretamente nas abas corretas dentro da página de Controle de Documentos.,bugfix,RH & DP,Sistema,2026-03-03 08:47:19,2026-03-03 08:47:19
270017,159,Permissões: Atalhos Sidebar Respeitam Permissões do Grupo,Garantido que os atalhos Advertências e Lançar Atestados no sidebar estejam mapeados no sistema de permissões. O sidebar agora oculta corretamente itens que o usuário não tem permissão de ver (canView).,feature,"Admin, Sistema",Sistema,2026-03-03 08:47:19,2026-03-03 08:47:19
270018,160,Correção Drag-and-Drop na Tela de Configurações,Corrigido bug onde arrastar item no Painel de Controle ficava cinza e travava a tela. Agora é possível arrastar itens entre seções diferentes e reordenar dentro da mesma seção de forma fluida.,bugfix,Configurações,Sistema,2026-03-03 08:47:19,2026-03-03 08:47:19
270019,161,Atualizar Fases do Processo Trabalhista (Jurídico),"Atualizadas as fases do processo trabalhista para: Conhecimento, Instrução, Decisória (Sentença), Recursal (Opcional), Execução (Cumprimento de Sentença) e Encerrado. Schema, frontend, validação Zod e integração DataJud atualizados.",feature,Jurídico,Sistema,2026-03-03 08:47:19,2026-03-03 08:47:19
270020,162,Correção Atalhos Atestados e Sidebar,Lançar Atestados agora abre a aba Atestados sem abrir formulário automaticamente. Sidebar não colapsa mais seções ao clicar nos atalhos. Suporte a re-clique no atalho quando já está na mesma página.,bugfix,"RH & DP, Sistema",Sistema,2026-03-03 08:47:19,2026-03-03 08:47:19
270021,163,Reimplementar Drag-and-Drop com @dnd-kit,"Reimplementação completa do drag-and-drop no Painel de Controle usando a biblioteca @dnd-kit para maior confiabilidade. Suporte a arrastar entre seções, reordenar dentro da mesma seção, auto-expandir seções durante arraste e overlay visual com feedback.",feature,Configurações,Sistema,2026-03-03 08:47:19,2026-03-03 08:47:19
270022,164,Correção Definitiva: Atalho Lançar Atestados,"Correção definitiva dos atalhos 'Lançar Atestados' e 'Advertências' no sidebar. Funciona mesmo quando já está na página de Controle de Documentos, usando setTimeout + evento navParamsUpdated.",bugfix,RH & DP,Sistema,2026-03-03 08:47:19,2026-03-03 08:47:19
270023,165,Sincronizar Painel de Controle com Sidebar,"Painel de Controle agora tem exatamente os mesmos itens do sidebar. Adicionados todos os itens faltantes: Efetivo por Obra, Convenções Coletivas, Dashboards extras, IA, Admin completo e Ajuda. Corrigido path de Crachás e atualizados todos os ícones.",feature,"Configurações, Sistema",Sistema,2026-03-03 08:47:19,2026-03-03 08:47:19
270024,166,Sidebar Lê Configuração Salva do Menu,"O sidebar agora lê a configuração salva do menu diretamente do banco de dados. Quando o admin reorganiza, renomeia ou oculta itens no Painel de Controle e salva, o sidebar atualiza imediatamente sem precisar recarregar a página. Suporte a labels customizados, itens ocultos e itens novos do código.",feature,"Sistema, Configurações",Sistema,2026-03-03 08:47:19,2026-03-03 08:47:19
270025,167,Módulo Completo de Gestão de Competências (Ponto e Folha),"Novo módulo de Gestão de Competências com pipeline visual de 7 etapas: Abrir Competência, Processar Ponto, Aferir Escuro, Gerar Vale, Simular Pagamento, Consolidar e Travar. Sistema de status por dia (Registrado / Fechado no Escuro / Aferido). Geração automática de vale (40% salário + HE) com bloqueio por faltas. Simulação e consolidação de pagamento com todos os descontos (VR/VT por falta, acertos do escuro). 9 critérios configuráveis por empresa. Contracheque individual com logo FC. Eventos financeiros para futuro módulo financeiro. Relatório de divergências automático. Dashboard de custo por obra. 14 procedures tRPC no backend e 9 views no frontend.",feature,"RH & DP, Folha de Pagamento",Sistema,2026-03-03 08:47:19,2026-03-03 08:47:19
300001,168,Atualizar Controle de Revisões,"Adicionadas revisões 143 a 167 no Controle de Revisões do sistema, cobrindo todo o histórico de atualizações.",melhoria,Sistema,Sistema,2026-03-03 06:00:00,2026-03-05 02:03:36
300002,169,Refazer Gestão de Competências como Wizard + Relatórios,Gestão de Competências refeita como wizard passo a passo fullscreen. Cada passo ocupa tela inteira com barra de progresso no topo. Sistema mostra automaticamente o passo atual e avança sozinho. Detecção automática de inconsistências em batidas de ponto. Relatório de divergências automático.,feature,"RH & DP,Folha de Pagamento",Sistema,2026-03-03 07:00:00,2026-03-05 02:03:37
300003,170,Importação DIXI Ponto Eletrônico,Módulo completo de importação de arquivos DIXI do ponto eletrônico. Suporte a múltiplos relógios e obras. Parser robusto com detecção automática de formato. Visualização de batidas importadas com status por funcionário.,feature,"RH & DP,Ponto Eletrônico",Sistema,2026-03-03 08:00:00,2026-03-05 02:03:37
300004,171,Módulo Completo de Férias,"Módulo de gestão de férias com cálculo automático de período aquisitivo e concessivo. Controle de saldo de dias, programação de férias, abono pecuniário. Alertas de vencimento de período concessivo. Integração com folha de pagamento.",feature,"RH & DP,Férias",Sistema,2026-03-03 09:00:00,2026-03-05 02:03:37
300005,172,Módulo de Aviso Prévio e Rescisão,Gestão completa de avisos prévios com cálculo automático de datas e valores. Suporte a aviso trabalhado e indenizado. Previsão de rescisão com estimativa de valores. Notificações automáticas por email para DP e gestores.,feature,"RH & DP,Aviso Prévio",Sistema,2026-03-03 10:00:00,2026-03-05 02:03:37
300006,173,Módulo de Convenções Coletivas,"Cadastro e gestão de convenções coletivas com vigência, pisos salariais e benefícios. Comparativo entre convenções via IA. Vinculação de convenção por empresa/obra. Alertas de vencimento de convenção.",feature,"RH & DP,Convenções Coletivas",Sistema,2026-03-03 11:00:00,2026-03-05 02:03:37
300007,174,Módulo de Horas Extras e Solicitações,"Sistema de solicitação e aprovação de horas extras. Cálculo automático de adicional (50%, 100%). Integração com ponto eletrônico para detecção automática de HE. Relatório consolidado por obra e período.",feature,"RH & DP,Horas Extras",Sistema,2026-03-03 12:00:00,2026-03-05 02:03:37
300008,175,Módulo de Controle de Documentos,Gestão centralizada de documentos trabalhistas com controle de validade. Upload e armazenamento em S3. Alertas automáticos de documentos vencidos ou próximos do vencimento. Categorização por tipo de documento.,feature,"RH & DP,Documentos",Sistema,2026-03-03 13:00:00,2026-03-05 02:03:37
300009,176,Módulo Jurídico - Processos Trabalhistas,"Gestão completa de processos trabalhistas com análise de risco via IA. Controle de audiências, prazos e provisões. Dashboard jurídico com indicadores de risco. Upload de documentos processuais.",feature,Jurídico,Sistema,2026-03-03 14:00:00,2026-03-05 02:03:37
300010,177,CIPA - Comissão Interna de Prevenção de Acidentes,"Módulo completo de CIPA com gestão de mandatos, eleições, atas de reunião e plano de ação. Controle de membros titulares e suplentes. Calendário de reuniões obrigatórias. Documentação conforme NR-5.",feature,"SST,CIPA",Sistema,2026-03-03 15:00:00,2026-03-05 02:03:37
300011,178,Módulo de Terceiros e Conformidade,Gestão de empresas terceiras com controle de documentação obrigatória. Painel de conformidade com status por empresa. Alertas automáticos de pendências. Obrigações mensais com checklist de entrega.,feature,"SST,Terceiros",Sistema,2026-03-03 16:00:00,2026-03-05 02:03:37
300012,179,Avaliação de Desempenho e Pesquisas,Módulo de avaliação de desempenho com pilares e critérios configuráveis. Pesquisas customizadas e clima organizacional. Avaliação 360° com participantes internos e externos. Relatórios individuais e consolidados.,feature,"RH & DP,Avaliação de Desempenho",Sistema,2026-03-03 17:00:00,2026-03-05 02:03:37
300013,180,Correção de Erros TypeScript + Filtro de Permissões,Correção de 27 erros TypeScript que bloqueavam publicação em 12 arquivos. Melhoria no filtro de permissões na Home (ModuleHub) e sidebar (DashboardLayout) para respeitar grupos de usuários.,bugfix,Sistema,Sistema,2026-03-03 18:00:00,2026-03-05 02:03:37
300014,181,Filtros na Tela de Processos Trabalhistas,Adicionados filtros funcionais por Status e por Arquivo (com/sem anexo) na tela de Processos Trabalhistas. Botão Salvar na seção de Análise IA dos Processos.,melhoria,Jurídico,Sistema,2026-03-03 19:00:00,2026-03-05 02:03:37
300015,182,Otimização de Performance do Sistema,Implementação de code splitting e lazy loading em todas as rotas. Configuração de manual chunks no Vite para melhor caching de assets. Redução significativa do bundle inicial.,performance,Sistema,Sistema,2026-03-03 20:00:00,2026-03-05 02:03:37
300016,183,Reestruturação Estoque de EPI,Criação de schema de estoque central (epi_estoque_central) e estoque por obra (epi_estoque_obra). Sistema de transferências do escritório para obra. Ajuste na entrega de EPI para descontar do estoque correto. Entrada direta de EPIs em obra.,feature,"SST,EPIs",Sistema,2026-03-04 06:00:00,2026-03-05 02:03:37
300017,184,Validade de EPIs + Estoque Mínimo + Checklists,Controle de validade de EPIs com alertas de vencimento. Configuração de estoque mínimo por EPI/obra com alertas automáticos. Checklists de inspeção de EPIs com templates configuráveis.,feature,"SST,EPIs",Sistema,2026-03-04 07:00:00,2026-03-05 02:03:37
300018,185,Relatório de Custos de EPI + Dashboard EPIs,"Relatório detalhado de custos de EPI por obra, funcionário e período. Dashboard de EPIs com indicadores visuais: entregas, estoque, validade, custos. Gráficos interativos com drill-down.",feature,"SST,EPIs",Sistema,2026-03-04 08:00:00,2026-03-05 02:03:37
300019,186,IA para Gestão de EPIs,Assistente de IA para EPIs com sugestão automática de kits por função. Matching inteligente de EPIs do catálogo com entregas. Análise preditiva de consumo. Recomendações de compra baseadas em histórico.,feature,"SST,EPIs",Sistema,2026-03-04 09:00:00,2026-03-05 02:03:37
300020,187,Capacidade de Contratação por EPI,Análise de capacidade de contratação baseada no estoque de EPIs. Cálculo automático de quantos funcionários podem ser contratados por função. Alertas quando estoque está abaixo do necessário para novas contratações.,feature,"SST,EPIs",Sistema,2026-03-04 10:00:00,2026-03-05 02:03:37
300021,188,Correção EpiCapacidade + Alertas Automáticos,Correção de crash do EpiCapacidade em mobile/produção com null checks e loading states. Card 'Cap. Contratação' no dashboard principal de EPIs. Alertas automáticos por email quando capacidade abaixo do limiar configurável.,bugfix,"SST,EPIs",Sistema,2026-03-04 11:00:00,2026-03-05 02:03:37
300022,189,Kit Básico Automático + Desconto EPI em Folha,Kit básico de contratação configurado automaticamente para cada empresa (EPIs padrão construção civil). Seed automático do kit ao acessar Capacidade. Emails de responsáveis de compras nos alertas. Desconto automático de EPI por mau uso/perda integrado à folha de pagamento.,feature,"SST,EPIs,RH & DP",Sistema,2026-03-04 12:00:00,2026-03-05 02:03:37
300023,190,IA Assistente nos Campos de Configuração de EPIs,"Rotas de IA para sugestão de kits por função, cores de capacete (NR-6/NR-18), vida útil de EPIs e treinamentos obrigatórios (NR-6/10/18/33/35). Consulta automática de Regras de Ouro, funções e catálogo como contexto para a IA.",feature,"SST,EPIs",Sistema,2026-03-04 13:00:00,2026-03-05 02:03:37
300024,191,Card Capacidade no Painel SST,Card de Capacidade de Contratação adicionado ao Painel SST (painel inicial do módulo). Correção do filtro por obra na Capacidade.,melhoria,"SST,EPIs",Sistema,2026-03-04 14:00:00,2026-03-05 02:03:37
300025,192,Formatação pt-BR em Todos os Módulos + Fix Aniversariantes,"Função utilitária fmtNum() centralizada para formatação de números com separador de milhar pt-BR. Aplicada em 27 arquivos (110+ valores numéricos) — KPI cards, stats e contadores de todos os módulos. Correção do bug de aniversariantes que mostrava dia errado por usar UTC ao invés de GMT-3 (America/Sao_Paulo).",bugfix,"Sistema,RH & DP,SST,Jurídico",Sistema,2026-03-05 00:00:00,2026-03-05 02:03:37
300026,193,Remover Seção Administração da Sidebar,"Removida seção ADMINISTRAÇÃO completa da sidebar de todos os módulos (Usuários/Permissões, Grupos, Auditoria, Configurações, Revisões, Lixeira). Itens continuam acessíveis pela Home e rota direta. Também removida seção Administração do módulo Avaliação de Desempenho.",melhoria,Sistema,Sistema,2026-03-05 01:00:00,2026-03-05 02:03:37
300027,194,Atalhos EPI na Sidebar SST,"Adicionados 4 atalhos de EPI à sidebar do módulo SST: Checklists EPI, Descontos EPI, Transferências EPI e Config EPI. Implementado suporte a navegação direta via ?tab= com listener navParamsUpdated para trocar aba sem recarregar a página.",melhoria,"SST,EPIs",Sistema,2026-03-05 02:00:00,2026-03-05 02:03:37
300028,195,Controle de Revisões Atualizado,Inseridas 27 novas revisões (168 a 194) no banco de dados do Controle de Revisões. Histórico completo e atualizado.,melhoria,Sistema,Sistema,2026-03-05 02:09:12,2026-03-05 02:09:12
300029,196,Auto-Sync de Revisões no Startup,"Automatização da inserção de revisões no banco de dados. Ao iniciar o servidor, o sistema compara o changelog em código com as revisões no banco e insere automaticamente as que faltam. Não é mais necessário inserir revisões manualmente no banco.",melhoria,Sistema,Sistema,2026-03-05 02:09:12,2026-03-05 02:09:12
300030,197,Otimização de Performance + Reforço de Segurança,"Cache em memória com TTL de 5 min para dados estáticos (empresas, obras, funções). Rate limiting na API (200 req/min) e autenticação (20 req/min) contra brute force. Headers de segurança HTTP: X-Frame-Options, X-Content-Type-Options, HSTS, Referrer-Policy, Permissions-Policy. Proteção contra clickjacking, MIME sniffing e XSS.",seguranca,Sistema,Sistema,2026-03-05 02:44:35,2026-03-05 02:44:35
300031,198,Backup Automatizado + Aniversários de Empresa + Raio-X Clicável,Backup automático diário do banco de dados às 03:00 (Brasília) com export JSON comprimido para S3 e notificação por e-mail/plataforma. Backup manual disponível em Configurações > Backup do Banco. Histórico de backups com download. Aniversários de empresa (anos de casa) na tela inicial. Aniversariantes clicáveis abrindo Raio-X do funcionário.,feature,"Sistema,RH & DP",Sistema,2026-03-05 03:03:52,2026-03-05 03:03:52
330001,199,Módulo de Contratos CLT (Experiência e Indeterminado),"Geração automática de contratos CLT (Experiência 30+30 ou 45+45 dias, e Indeterminado) com placeholders preenchidos automaticamente a partir do cadastro do funcionário. Valor por extenso calculado automaticamente. Horário de trabalho puxado do cadastro. Templates com LGPD, sigilo e segurança. Impressão em formato A4. Upload de contrato assinado (PDF/foto). Prorrogar e efetivar com um clique. Histórico completo na aba Contratos CLT do Raio-X do funcionário.",feature,RH & DP,Sistema,2026-03-05 08:02:02,2026-03-05 08:02:02
