id,companyId,employeeId,mesReferencia,valorDiario,diasUteis,valorTotal,operadora,observacoes,createdAt,updatedAt,valorCafe,valorLanche,valorJanta,valorVA,status,motivoAlteracao,geradoPor,aprovadoPor
30017,60002,420070,2026-02,"10,00",22,"680,75",iFood Benefícios,,2026-02-28 12:29:41,2026-03-01 21:27:47,"119,90","100,10","0,00","460,75",pago,,Felipe Alves,Felipe Alves
30146,60002,420054,2026-02,"10,00",22,"680,75",iFood Benefícios,,2026-02-28 13:30:45,2026-03-01 21:27:47,"119,90","100,10","0,00","460,75",pago,,Felipe Costa Alves,Felipe Costa Alves
30147,60002,420055,2026-02,"10,00",22,"680,75",iFood Benefícios,,2026-02-28 13:30:45,2026-03-01 21:27:47,"119,90","100,10","0,00","460,75",pago,,Felipe Costa Alves,Felipe Costa Alves
30148,60002,420056,2026-02,"10,00",22,"680,75",iFood Benefícios,,2026-02-28 13:30:45,2026-03-01 21:27:47,"119,90","100,10","0,00","460,75",pago,,Felipe Costa Alves,Felipe Costa Alves
30149,60002,420057,2026-02,"10,00",22,"680,75",iFood Benefícios,,2026-02-28 13:30:45,2026-03-01 21:27:47,"119,90","100,10","0,00","460,75",pago,,Felipe Costa Alves,Felipe Costa Alves
30150,60002,420058,2026-02,"10,00",22,"680,75",iFood Benefícios,,2026-02-28 13:30:45,2026-03-01 21:27:47,"119,90","100,10","0,00","460,75",pago,,Felipe Costa Alves,Felipe Costa Alves
30151,60002,420059,2026-02,"10,00",22,"680,75",iFood Benefícios,,2026-02-28 13:30:45,2026-03-01 21:27:47,"119,90","100,10","0,00","460,75",pago,,Felipe Costa Alves,Felipe Costa Alves
30152,60002,420060,2026-02,"10,00",22,"680,75",iFood Benefícios,,2026-02-28 13:30:45,2026-03-01 21:27:47,"119,90","100,10","0,00","460,75",pago,,Felipe Costa Alves,Felipe Costa Alves
30153,60002,420061,2026-02,"10,00",22,"680,75",iFood Benefícios,,2026-02-28 13:30:45,2026-03-01 21:27:47,"119,90","100,10","0,00","460,75",pago,,Felipe Costa Alves,Felipe Costa Alves
30154,60002,420062,2026-02,"10,00",22,"680,75",iFood Benefícios,,2026-02-28 13:30:45,2026-03-01 21:27:47,"119,90","100,10","0,00","460,75",pago,,Felipe Costa Alves,Felipe Costa Alves
30155,60002,420063,2026-02,"10,00",22,"680,75",iFood Benefícios,,2026-02-28 13:30:45,2026-03-01 21:27:47,"119,90","100,10","0,00","460,75",pago,,Felipe Costa Alves,Felipe Costa Alves
30156,60002,420064,2026-02,"10,00",22,"680,75",iFood Benefícios,,2026-02-28 13:30:45,2026-03-01 21:27:47,"119,90","100,10","0,00","460,75",pago,,Felipe Costa Alves,Felipe Costa Alves
30157,60002,420065,2026-02,"10,00",22,"680,75",iFood Benefícios,,2026-02-28 13:30:45,2026-03-01 21:27:47,"119,90","100,10","0,00","460,75",pago,,Felipe Costa Alves,Felipe Costa Alves
30158,60002,420066,2026-02,"10,00",22,"680,75",iFood Benefícios,,2026-02-28 13:30:45,2026-03-01 21:27:47,"119,90","100,10","0,00","460,75",pago,,Felipe Costa Alves,Felipe Costa Alves
30159,60002,420067,2026-02,"10,00",22,"680,75",iFood Benefícios,,2026-02-28 13:30:45,2026-03-01 21:27:47,"119,90","100,10","0,00","460,75",pago,,Felipe Costa Alves,Felipe Costa Alves
30160,60002,420068,2026-02,"10,00",22,"680,75",iFood Benefícios,,2026-02-28 13:30:45,2026-03-01 21:27:47,"119,90","100,10","0,00","460,75",pago,,Felipe Costa Alves,Felipe Costa Alves
30161,60002,420069,2026-02,"10,00",22,"680,75",iFood Benefícios,,2026-02-28 13:30:45,2026-03-01 21:27:47,"119,90","100,10","0,00","460,75",pago,,Felipe Costa Alves,Felipe Costa Alves
30162,60002,420071,2026-02,"10,00",22,"680,75",iFood Benefícios,,2026-02-28 13:30:45,2026-03-01 21:27:47,"119,90","100,10","0,00","460,75",pago,,Felipe Costa Alves,Felipe Costa Alves
30163,60002,420072,2026-02,"10,00",22,"680,75",iFood Benefícios,,2026-02-28 13:30:45,2026-03-01 21:27:47,"119,90","100,10","0,00","460,75",pago,,Felipe Costa Alves,Felipe Costa Alves
30164,60002,420073,2026-02,"10,00",22,"680,75",iFood Benefícios,,2026-02-28 13:30:45,2026-03-01 21:27:47,"119,90","100,10","0,00","460,75",pago,,Felipe Costa Alves,Felipe Costa Alves
30165,60002,420074,2026-02,"10,00",22,"680,75",iFood Benefícios,,2026-02-28 13:30:45,2026-03-01 21:27:47,"119,90","100,10","0,00","460,75",pago,,Felipe Costa Alves,Felipe Costa Alves
30166,60002,420075,2026-02,"10,00",22,"680,75",iFood Benefícios,,2026-02-28 13:30:45,2026-03-01 21:27:47,"119,90","100,10","0,00","460,75",pago,,Felipe Costa Alves,Felipe Costa Alves
30167,60002,420076,2026-02,"10,00",22,"680,75",iFood Benefícios,,2026-02-28 13:30:45,2026-03-01 21:27:47,"119,90","100,10","0,00","460,75",pago,,Felipe Costa Alves,Felipe Costa Alves
30168,60002,420077,2026-02,"10,00",22,"680,75",iFood Benefícios,,2026-02-28 13:30:45,2026-03-01 21:27:47,"119,90","100,10","0,00","460,75",pago,,Felipe Costa Alves,Felipe Costa Alves
30169,60002,420078,2026-02,"10,00",22,"680,75",iFood Benefícios,,2026-02-28 13:30:45,2026-03-01 21:27:47,"119,90","100,10","0,00","460,75",pago,,Felipe Costa Alves,Felipe Costa Alves
30170,60002,420079,2026-02,"10,00",22,"680,75",iFood Benefícios,,2026-02-28 13:30:45,2026-03-01 21:27:47,"119,90","100,10","0,00","460,75",pago,,Felipe Costa Alves,Felipe Costa Alves
30171,60002,420080,2026-02,"10,00",22,"680,75",iFood Benefícios,,2026-02-28 13:30:45,2026-03-01 21:27:47,"119,90","100,10","0,00","460,75",pago,,Felipe Costa Alves,Felipe Costa Alves
30172,60002,420081,2026-02,"10,00",22,"680,75",iFood Benefícios,,2026-02-28 13:30:45,2026-03-01 21:27:47,"119,90","100,10","0,00","460,75",pago,,Felipe Costa Alves,Felipe Costa Alves
30173,60002,420082,2026-02,"10,00",22,"680,75",iFood Benefícios,,2026-02-28 13:30:45,2026-03-01 21:27:47,"119,90","100,10","0,00","460,75",pago,,Felipe Costa Alves,Felipe Costa Alves
30174,60002,420083,2026-02,"10,00",22,"680,75",iFood Benefícios,,2026-02-28 13:30:45,2026-03-01 21:27:47,"119,90","100,10","0,00","460,75",pago,,Felipe Costa Alves,Felipe Costa Alves
30175,60002,420084,2026-02,"10,00",22,"680,75",iFood Benefícios,,2026-02-28 13:30:45,2026-03-01 21:27:47,"119,90","100,10","0,00","460,75",pago,,Felipe Costa Alves,Felipe Costa Alves
30176,60002,420085,2026-02,"10,00",22,"680,75",iFood Benefícios,,2026-02-28 13:30:45,2026-03-01 21:27:47,"119,90","100,10","0,00","460,75",pago,,Felipe Costa Alves,Felipe Costa Alves
30177,60002,420086,2026-02,"10,00",22,"680,75",iFood Benefícios,,2026-02-28 13:30:45,2026-03-01 21:27:47,"119,90","100,10","0,00","460,75",pago,,Felipe Costa Alves,Felipe Costa Alves
30178,60002,420087,2026-02,"10,00",22,"680,75",iFood Benefícios,,2026-02-28 13:30:45,2026-03-01 21:27:47,"119,90","100,10","0,00","460,75",pago,,Felipe Costa Alves,Felipe Costa Alves
30179,60002,420088,2026-02,"10,00",22,"680,75",iFood Benefícios,,2026-02-28 13:30:45,2026-03-01 21:27:47,"119,90","100,10","0,00","460,75",pago,,Felipe Costa Alves,Felipe Costa Alves
30180,60002,420089,2026-02,"10,00",22,"680,75",iFood Benefícios,,2026-02-28 13:30:45,2026-03-01 21:27:47,"119,90","100,10","0,00","460,75",pago,,Felipe Costa Alves,Felipe Costa Alves
30181,60002,420090,2026-02,"10,00",22,"680,75",iFood Benefícios,,2026-02-28 13:30:45,2026-03-01 21:27:47,"119,90","100,10","0,00","460,75",pago,,Felipe Costa Alves,Felipe Costa Alves
30182,60002,420091,2026-02,"10,00",22,"680,75",iFood Benefícios,,2026-02-28 13:30:45,2026-03-01 21:27:47,"119,90","100,10","0,00","460,75",pago,,Felipe Costa Alves,Felipe Costa Alves
30183,60002,420092,2026-02,"10,00",22,"680,75",iFood Benefícios,,2026-02-28 13:30:45,2026-03-01 21:27:47,"119,90","100,10","0,00","460,75",pago,,Felipe Costa Alves,Felipe Costa Alves
30184,60002,420093,2026-02,"10,00",22,"680,75",iFood Benefícios,,2026-02-28 13:30:46,2026-03-01 21:27:47,"119,90","100,10","0,00","460,75",pago,,Felipe Costa Alves,Felipe Costa Alves
30185,60002,420094,2026-02,"10,00",22,"680,75",iFood Benefícios,,2026-02-28 13:30:46,2026-03-01 21:27:47,"119,90","100,10","0,00","460,75",pago,,Felipe Costa Alves,Felipe Costa Alves
30186,60002,420095,2026-02,"10,00",22,"680,75",iFood Benefícios,,2026-02-28 13:30:46,2026-03-01 21:27:47,"119,90","100,10","0,00","460,75",pago,,Felipe Costa Alves,Felipe Costa Alves
30187,60002,420096,2026-02,"10,00",22,"680,75",iFood Benefícios,,2026-02-28 13:30:46,2026-03-01 21:27:47,"119,90","100,10","0,00","460,75",pago,,Felipe Costa Alves,Felipe Costa Alves
30188,60002,420097,2026-02,"10,00",22,"680,75",iFood Benefícios,,2026-02-28 13:30:46,2026-03-01 21:27:47,"119,90","100,10","0,00","460,75",pago,,Felipe Costa Alves,Felipe Costa Alves
30189,60002,420098,2026-02,"10,00",22,"680,75",iFood Benefícios,,2026-02-28 13:30:46,2026-03-01 21:27:47,"119,90","100,10","0,00","460,75",pago,,Felipe Costa Alves,Felipe Costa Alves
30190,60002,420099,2026-02,"10,00",22,"680,75",iFood Benefícios,,2026-02-28 13:30:46,2026-03-01 21:27:47,"119,90","100,10","0,00","460,75",pago,,Felipe Costa Alves,Felipe Costa Alves
30191,60002,420100,2026-02,"10,00",22,"680,75",iFood Benefícios,,2026-02-28 13:30:46,2026-03-01 21:27:47,"119,90","100,10","0,00","460,75",pago,,Felipe Costa Alves,Felipe Costa Alves
30192,60002,420101,2026-02,"10,00",22,"680,75",iFood Benefícios,,2026-02-28 13:30:46,2026-03-01 21:27:47,"119,90","100,10","0,00","460,75",pago,,Felipe Costa Alves,Felipe Costa Alves
30193,60002,420102,2026-02,"10,00",22,"680,75",iFood Benefícios,,2026-02-28 13:30:46,2026-03-01 21:27:47,"119,90","100,10","0,00","460,75",pago,,Felipe Costa Alves,Felipe Costa Alves
30194,60002,420103,2026-02,"10,00",22,"680,75",iFood Benefícios,,2026-02-28 13:30:46,2026-03-01 21:27:47,"119,90","100,10","0,00","460,75",pago,,Felipe Costa Alves,Felipe Costa Alves
30195,60002,420104,2026-02,"10,00",22,"680,75",iFood Benefícios,,2026-02-28 13:30:46,2026-03-01 21:27:47,"119,90","100,10","0,00","460,75",pago,,Felipe Costa Alves,Felipe Costa Alves
30196,60002,420105,2026-02,"10,00",22,"680,75",iFood Benefícios,,2026-02-28 13:30:46,2026-03-01 21:27:47,"119,90","100,10","0,00","460,75",pago,,Felipe Costa Alves,Felipe Costa Alves
30197,60002,420106,2026-02,"10,00",22,"680,75",iFood Benefícios,,2026-02-28 13:30:46,2026-03-01 21:27:47,"119,90","100,10","0,00","460,75",pago,,Felipe Costa Alves,Felipe Costa Alves
30198,60002,420107,2026-02,"10,00",22,"680,75",iFood Benefícios,,2026-02-28 13:30:46,2026-03-01 21:27:47,"119,90","100,10","0,00","460,75",pago,,Felipe Costa Alves,Felipe Costa Alves
30199,60002,420109,2026-02,"10,00",22,"680,75",iFood Benefícios,,2026-02-28 13:30:46,2026-03-01 21:27:47,"119,90","100,10","0,00","460,75",pago,,Felipe Costa Alves,Felipe Costa Alves
30200,60002,420110,2026-02,"10,00",22,"680,75",iFood Benefícios,,2026-02-28 13:30:46,2026-03-01 21:27:47,"119,90","100,10","0,00","460,75",pago,,Felipe Costa Alves,Felipe Costa Alves
30201,60002,420111,2026-02,"10,00",22,"680,75",iFood Benefícios,,2026-02-28 13:30:46,2026-03-01 21:27:47,"119,90","100,10","0,00","460,75",pago,,Felipe Costa Alves,Felipe Costa Alves
30202,60002,420112,2026-02,"10,00",22,"680,75",iFood Benefícios,,2026-02-28 13:30:46,2026-03-01 21:27:47,"119,90","100,10","0,00","460,75",pago,,Felipe Costa Alves,Felipe Costa Alves
30203,60002,420113,2026-02,"10,00",22,"680,75",iFood Benefícios,,2026-02-28 13:30:46,2026-03-01 21:27:47,"119,90","100,10","0,00","460,75",pago,,Felipe Costa Alves,Felipe Costa Alves
30204,60002,420114,2026-02,"10,00",22,"680,75",iFood Benefícios,,2026-02-28 13:30:46,2026-03-01 21:27:47,"119,90","100,10","0,00","460,75",pago,,Felipe Costa Alves,Felipe Costa Alves
30205,60002,420115,2026-02,"10,00",22,"680,75",iFood Benefícios,,2026-02-28 13:30:46,2026-03-01 21:27:47,"119,90","100,10","0,00","460,75",pago,,Felipe Costa Alves,Felipe Costa Alves
30206,60002,420116,2026-02,"10,00",22,"680,75",iFood Benefícios,,2026-02-28 13:30:46,2026-03-01 21:27:47,"119,90","100,10","0,00","460,75",pago,,Felipe Costa Alves,Felipe Costa Alves
30207,60002,420117,2026-02,"10,00",22,"680,75",iFood Benefícios,,2026-02-28 13:30:46,2026-03-01 21:27:47,"119,90","100,10","0,00","460,75",pago,,Felipe Costa Alves,Felipe Costa Alves
30208,60002,420118,2026-02,"10,00",22,"680,75",iFood Benefícios,,2026-02-28 13:30:46,2026-03-01 21:27:47,"119,90","100,10","0,00","460,75",pago,,Felipe Costa Alves,Felipe Costa Alves
30209,60002,420119,2026-02,"10,00",22,"680,75",iFood Benefícios,,2026-02-28 13:30:46,2026-03-01 21:27:47,"119,90","100,10","0,00","460,75",pago,,Felipe Costa Alves,Felipe Costa Alves
30210,60002,420120,2026-02,"10,00",22,"680,75",iFood Benefícios,,2026-02-28 13:30:46,2026-03-01 21:27:47,"119,90","100,10","0,00","460,75",pago,,Felipe Costa Alves,Felipe Costa Alves
30211,60002,420121,2026-02,"10,00",22,"680,75",iFood Benefícios,,2026-02-28 13:30:46,2026-03-01 21:27:47,"119,90","100,10","0,00","460,75",pago,,Felipe Costa Alves,Felipe Costa Alves
30212,60002,420122,2026-02,"10,00",22,"680,75",iFood Benefícios,,2026-02-28 13:30:46,2026-03-01 21:27:47,"119,90","100,10","0,00","460,75",pago,,Felipe Costa Alves,Felipe Costa Alves
30213,60002,420124,2026-02,"10,00",22,"680,75",iFood Benefícios,,2026-02-28 13:30:46,2026-03-01 21:27:47,"119,90","100,10","0,00","460,75",pago,,Felipe Costa Alves,Felipe Costa Alves
30214,60002,420125,2026-02,"10,00",22,"680,75",iFood Benefícios,,2026-02-28 13:30:46,2026-03-01 21:27:47,"119,90","100,10","0,00","460,75",pago,,Felipe Costa Alves,Felipe Costa Alves
30215,60002,420126,2026-02,"10,00",22,"680,75",iFood Benefícios,,2026-02-28 13:30:46,2026-03-01 21:27:47,"119,90","100,10","0,00","460,75",pago,,Felipe Costa Alves,Felipe Costa Alves
30216,60002,420127,2026-02,"10,00",22,"680,75",iFood Benefícios,,2026-02-28 13:30:46,2026-03-01 21:27:47,"119,90","100,10","0,00","460,75",pago,,Felipe Costa Alves,Felipe Costa Alves
30217,60002,420128,2026-02,"10,00",22,"680,75",iFood Benefícios,,2026-02-28 13:30:46,2026-03-01 21:27:47,"119,90","100,10","0,00","460,75",pago,,Felipe Costa Alves,Felipe Costa Alves
30218,60002,420129,2026-02,"10,00",22,"680,75",iFood Benefícios,,2026-02-28 13:30:46,2026-03-01 21:27:47,"119,90","100,10","0,00","460,75",pago,,Felipe Costa Alves,Felipe Costa Alves
30219,60002,420130,2026-02,"10,00",22,"680,75",iFood Benefícios,,2026-02-28 13:30:46,2026-03-01 21:27:47,"119,90","100,10","0,00","460,75",pago,,Felipe Costa Alves,Felipe Costa Alves
30220,60002,420131,2026-02,"10,00",22,"680,75",iFood Benefícios,,2026-02-28 13:30:46,2026-03-01 21:27:47,"119,90","100,10","0,00","460,75",pago,,Felipe Costa Alves,Felipe Costa Alves
30221,60002,420132,2026-02,"10,00",22,"680,75",iFood Benefícios,,2026-02-28 13:30:46,2026-03-01 21:27:47,"119,90","100,10","0,00","460,75",pago,,Felipe Costa Alves,Felipe Costa Alves
30222,60002,420133,2026-02,"10,00",22,"680,75",iFood Benefícios,,2026-02-28 13:30:46,2026-03-01 21:27:47,"119,90","100,10","0,00","460,75",pago,,Felipe Costa Alves,Felipe Costa Alves
30223,60002,420134,2026-02,"10,00",22,"680,75",iFood Benefícios,,2026-02-28 13:30:46,2026-03-01 21:27:47,"119,90","100,10","0,00","460,75",pago,,Felipe Costa Alves,Felipe Costa Alves
30224,60002,420135,2026-02,"10,00",22,"680,75",iFood Benefícios,,2026-02-28 13:30:46,2026-03-01 21:27:47,"119,90","100,10","0,00","460,75",pago,,Felipe Costa Alves,Felipe Costa Alves
30225,60002,420136,2026-02,"10,00",22,"680,75",iFood Benefícios,,2026-02-28 13:30:46,2026-03-01 21:27:47,"119,90","100,10","0,00","460,75",pago,,Felipe Costa Alves,Felipe Costa Alves
30226,60002,420137,2026-02,"10,00",22,"680,75",iFood Benefícios,,2026-02-28 13:30:46,2026-03-01 21:27:47,"119,90","100,10","0,00","460,75",pago,,Felipe Costa Alves,Felipe Costa Alves
30227,60002,420138,2026-02,"10,00",22,"680,75",iFood Benefícios,,2026-02-28 13:30:46,2026-03-01 21:27:47,"119,90","100,10","0,00","460,75",pago,,Felipe Costa Alves,Felipe Costa Alves
30228,60002,420139,2026-02,"10,00",22,"680,75",iFood Benefícios,,2026-02-28 13:30:46,2026-03-01 21:27:47,"119,90","100,10","0,00","460,75",pago,,Felipe Costa Alves,Felipe Costa Alves
30229,60002,420140,2026-02,"10,00",22,"680,75",iFood Benefícios,,2026-02-28 13:30:46,2026-03-01 21:27:47,"119,90","100,10","0,00","460,75",pago,,Felipe Costa Alves,Felipe Costa Alves
30230,60002,420141,2026-02,"10,00",22,"680,75",iFood Benefícios,,2026-02-28 13:30:46,2026-03-01 21:27:47,"119,90","100,10","0,00","460,75",pago,,Felipe Costa Alves,Felipe Costa Alves
30231,60002,420142,2026-02,"10,00",22,"680,75",iFood Benefícios,,2026-02-28 13:30:46,2026-03-01 21:27:47,"119,90","100,10","0,00","460,75",pago,,Felipe Costa Alves,Felipe Costa Alves
30232,60002,420143,2026-02,"10,00",22,"680,75",iFood Benefícios,,2026-02-28 13:30:46,2026-03-01 21:27:47,"119,90","100,10","0,00","460,75",pago,,Felipe Costa Alves,Felipe Costa Alves
30233,60002,420144,2026-02,"10,00",22,"680,75",iFood Benefícios,,2026-02-28 13:30:46,2026-03-01 21:27:47,"119,90","100,10","0,00","460,75",pago,,Felipe Costa Alves,Felipe Costa Alves
30234,60002,420145,2026-02,"10,00",22,"680,75",iFood Benefícios,,2026-02-28 13:30:46,2026-03-01 21:27:47,"119,90","100,10","0,00","460,75",pago,,Felipe Costa Alves,Felipe Costa Alves
30235,60002,420146,2026-02,"10,00",22,"680,75",iFood Benefícios,,2026-02-28 13:30:46,2026-03-01 21:27:47,"119,90","100,10","0,00","460,75",pago,,Felipe Costa Alves,Felipe Costa Alves
30236,60002,420147,2026-02,"10,00",22,"680,75",iFood Benefícios,,2026-02-28 13:30:46,2026-03-01 21:27:47,"119,90","100,10","0,00","460,75",pago,,Felipe Costa Alves,Felipe Costa Alves
30237,60002,420148,2026-02,"10,00",22,"680,75",iFood Benefícios,,2026-02-28 13:30:46,2026-03-01 21:27:47,"119,90","100,10","0,00","460,75",pago,,Felipe Costa Alves,Felipe Costa Alves
30238,60002,420149,2026-02,"10,00",22,"680,75",iFood Benefícios,,2026-02-28 13:30:46,2026-03-01 21:27:47,"119,90","100,10","0,00","460,75",pago,,Felipe Costa Alves,Felipe Costa Alves
30239,60002,420150,2026-02,"10,00",22,"680,75",iFood Benefícios,,2026-02-28 13:30:46,2026-03-01 21:27:47,"119,90","100,10","0,00","460,75",pago,,Felipe Costa Alves,Felipe Costa Alves
30240,60002,420151,2026-02,"10,00",22,"680,75",iFood Benefícios,,2026-02-28 13:30:46,2026-03-01 21:27:47,"119,90","100,10","0,00","460,75",pago,,Felipe Costa Alves,Felipe Costa Alves
30241,60002,420152,2026-02,"10,00",22,"680,75",iFood Benefícios,,2026-02-28 13:30:46,2026-03-01 21:27:47,"119,90","100,10","0,00","460,75",pago,,Felipe Costa Alves,Felipe Costa Alves
30242,60002,420153,2026-02,"10,00",22,"680,75",iFood Benefícios,,2026-02-28 13:30:46,2026-03-01 21:27:47,"119,90","100,10","0,00","460,75",pago,,Felipe Costa Alves,Felipe Costa Alves
30243,60002,420154,2026-02,"10,00",22,"680,75",iFood Benefícios,,2026-02-28 13:30:46,2026-03-01 21:27:47,"119,90","100,10","0,00","460,75",pago,,Felipe Costa Alves,Felipe Costa Alves
30244,60002,420155,2026-02,"10,00",22,"680,75",iFood Benefícios,,2026-02-28 13:30:46,2026-03-01 21:27:47,"119,90","100,10","0,00","460,75",pago,,Felipe Costa Alves,Felipe Costa Alves
30245,60002,420156,2026-02,"10,00",22,"680,75",iFood Benefícios,,2026-02-28 13:30:46,2026-03-01 21:27:47,"119,90","100,10","0,00","460,75",pago,,Felipe Costa Alves,Felipe Costa Alves
30246,60002,420157,2026-02,"10,00",22,"680,75",iFood Benefícios,,2026-02-28 13:30:46,2026-03-01 21:27:47,"119,90","100,10","0,00","460,75",pago,,Felipe Costa Alves,Felipe Costa Alves
30247,60002,420158,2026-02,"10,00",22,"680,75",iFood Benefícios,,2026-02-28 13:30:46,2026-03-01 21:27:47,"119,90","100,10","0,00","460,75",pago,,Felipe Costa Alves,Felipe Costa Alves
30248,60002,420159,2026-02,"10,00",22,"680,75",iFood Benefícios,,2026-02-28 13:30:46,2026-03-01 21:27:47,"119,90","100,10","0,00","460,75",pago,,Felipe Costa Alves,Felipe Costa Alves
30249,60002,420160,2026-02,"10,00",22,"680,75",iFood Benefícios,,2026-02-28 13:30:46,2026-03-01 21:27:47,"119,90","100,10","0,00","460,75",pago,,Felipe Costa Alves,Felipe Costa Alves
30250,60002,420161,2026-02,"10,00",22,"680,75",iFood Benefícios,,2026-02-28 13:30:46,2026-03-01 21:27:47,"119,90","100,10","0,00","460,75",pago,,Felipe Costa Alves,Felipe Costa Alves
30251,60002,420162,2026-02,"10,00",22,"680,75",iFood Benefícios,,2026-02-28 13:30:46,2026-03-01 21:27:47,"119,90","100,10","0,00","460,75",pago,,Felipe Costa Alves,Felipe Costa Alves
30252,60002,420163,2026-02,"10,00",22,"680,75",iFood Benefícios,,2026-02-28 13:30:46,2026-03-01 21:27:47,"119,90","100,10","0,00","460,75",pago,,Felipe Costa Alves,Felipe Costa Alves
30253,60002,420164,2026-02,"10,00",22,"680,75",iFood Benefícios,,2026-02-28 13:30:46,2026-03-01 21:27:47,"119,90","100,10","0,00","460,75",pago,,Felipe Costa Alves,Felipe Costa Alves
30254,60002,420165,2026-02,"10,00",22,"680,75",iFood Benefícios,,2026-02-28 13:30:46,2026-03-01 21:27:47,"119,90","100,10","0,00","460,75",pago,,Felipe Costa Alves,Felipe Costa Alves
30255,60002,420166,2026-02,"10,00",22,"680,75",iFood Benefícios,,2026-02-28 13:30:46,2026-03-01 21:27:47,"119,90","100,10","0,00","460,75",pago,,Felipe Costa Alves,Felipe Costa Alves
30256,60002,420167,2026-02,"10,00",22,"680,75",iFood Benefícios,,2026-02-28 13:30:46,2026-03-01 21:27:47,"119,90","100,10","0,00","460,75",pago,,Felipe Costa Alves,Felipe Costa Alves
30257,60002,420168,2026-02,"10,00",22,"680,75",iFood Benefícios,,2026-02-28 13:30:46,2026-03-01 21:27:47,"119,90","100,10","0,00","460,75",pago,,Felipe Costa Alves,Felipe Costa Alves
30258,60002,420169,2026-02,"10,00",22,"680,75",iFood Benefícios,,2026-02-28 13:30:46,2026-03-01 21:27:47,"119,90","100,10","0,00","460,75",pago,,Felipe Costa Alves,Felipe Costa Alves
30259,60002,420170,2026-02,"10,00",22,"680,75",iFood Benefícios,,2026-02-28 13:30:46,2026-03-01 21:27:47,"119,90","100,10","0,00","460,75",pago,,Felipe Costa Alves,Felipe Costa Alves
30260,60002,420171,2026-02,"10,00",22,"680,75",iFood Benefícios,,2026-02-28 13:30:46,2026-03-01 21:27:47,"119,90","100,10","0,00","460,75",pago,,Felipe Costa Alves,Felipe Costa Alves
30261,60002,420172,2026-02,"10,00",22,"680,75",iFood Benefícios,,2026-02-28 13:30:46,2026-03-01 21:27:47,"119,90","100,10","0,00","460,75",pago,,Felipe Costa Alves,Felipe Costa Alves
30262,60002,420173,2026-02,"10,00",22,"680,75",iFood Benefícios,,2026-02-28 13:30:47,2026-03-01 21:27:47,"119,90","100,10","0,00","460,75",pago,,Felipe Costa Alves,Felipe Costa Alves
30263,60002,420174,2026-02,"10,00",22,"680,75",iFood Benefícios,,2026-02-28 13:30:47,2026-03-01 21:27:47,"119,90","100,10","0,00","460,75",pago,,Felipe Costa Alves,Felipe Costa Alves
30264,60002,420175,2026-02,"10,00",22,"680,75",iFood Benefícios,,2026-02-28 13:30:47,2026-03-01 21:27:47,"119,90","100,10","0,00","460,75",pago,,Felipe Costa Alves,Felipe Costa Alves
30265,60002,420176,2026-02,"10,00",22,"680,75",iFood Benefícios,,2026-02-28 13:30:47,2026-03-01 21:27:47,"119,90","100,10","0,00","460,75",pago,,Felipe Costa Alves,Felipe Costa Alves
30266,60002,420177,2026-02,"10,00",22,"680,75",iFood Benefícios,,2026-02-28 13:30:47,2026-03-01 21:27:47,"119,90","100,10","0,00","460,75",pago,,Felipe Costa Alves,Felipe Costa Alves
30267,60002,420178,2026-02,"10,00",22,"680,75",iFood Benefícios,,2026-02-28 13:30:47,2026-03-01 21:27:47,"119,90","100,10","0,00","460,75",pago,,Felipe Costa Alves,Felipe Costa Alves
30268,60002,420179,2026-02,"10,00",22,"680,75",iFood Benefícios,,2026-02-28 13:30:47,2026-03-01 21:27:47,"119,90","100,10","0,00","460,75",pago,,Felipe Costa Alves,Felipe Costa Alves
30269,60002,420180,2026-02,"10,00",22,"680,75",iFood Benefícios,,2026-02-28 13:30:47,2026-03-01 21:27:47,"119,90","100,10","0,00","460,75",pago,,Felipe Costa Alves,Felipe Costa Alves
30270,60002,420181,2026-02,"10,00",22,"680,75",iFood Benefícios,,2026-02-28 13:30:47,2026-03-01 21:27:47,"119,90","100,10","0,00","460,75",pago,,Felipe Costa Alves,Felipe Costa Alves
30271,60002,420183,2026-02,"10,00",22,"680,75",iFood Benefícios,,2026-02-28 13:30:47,2026-03-01 21:27:47,"119,90","100,10","0,00","460,75",pago,,Felipe Costa Alves,Felipe Costa Alves
30272,60002,420184,2026-02,"10,00",22,"680,75",iFood Benefícios,,2026-02-28 13:30:47,2026-03-01 21:27:47,"119,90","100,10","0,00","460,75",pago,,Felipe Costa Alves,Felipe Costa Alves
30273,60002,420185,2026-02,"10,00",22,"680,75",iFood Benefícios,,2026-02-28 13:30:47,2026-03-01 21:27:47,"119,90","100,10","0,00","460,75",pago,,Felipe Costa Alves,Felipe Costa Alves
30274,60002,420187,2026-02,"10,00",22,"680,75",iFood Benefícios,,2026-02-28 13:30:47,2026-03-01 21:27:47,"119,90","100,10","0,00","460,75",pago,,Felipe Costa Alves,Felipe Costa Alves
30275,60002,420188,2026-02,"10,00",22,"680,75",iFood Benefícios,,2026-02-28 13:30:47,2026-03-01 21:27:47,"119,90","100,10","0,00","460,75",pago,,Felipe Costa Alves,Felipe Costa Alves
30276,60002,420191,2026-02,"10,00",22,"680,75",iFood Benefícios,,2026-02-28 13:30:47,2026-03-01 21:27:47,"119,90","100,10","0,00","460,75",pago,,Felipe Costa Alves,Felipe Costa Alves
30277,60002,420192,2026-02,"10,00",22,"680,75",iFood Benefícios,,2026-02-28 13:30:47,2026-03-01 21:27:47,"119,90","100,10","0,00","460,75",pago,,Felipe Costa Alves,Felipe Costa Alves
30278,60002,420193,2026-02,"10,00",22,"680,75",iFood Benefícios,,2026-02-28 13:30:47,2026-03-01 21:27:47,"119,90","100,10","0,00","460,75",pago,,Felipe Costa Alves,Felipe Costa Alves
30279,60002,420194,2026-02,"10,00",22,"680,75",iFood Benefícios,,2026-02-28 13:30:47,2026-03-01 21:27:47,"119,90","100,10","0,00","460,75",pago,,Felipe Costa Alves,Felipe Costa Alves
30280,60002,420197,2026-02,"10,00",22,"680,75",iFood Benefícios,,2026-02-28 13:30:47,2026-03-01 21:27:47,"119,90","100,10","0,00","460,75",pago,,Felipe Costa Alves,Felipe Costa Alves
30281,60002,420199,2026-02,"10,00",22,"680,75",iFood Benefícios,,2026-02-28 13:30:47,2026-03-01 21:27:47,"119,90","100,10","0,00","460,75",pago,,Felipe Costa Alves,Felipe Costa Alves
30282,60002,420200,2026-02,"10,00",22,"680,75",iFood Benefícios,,2026-02-28 13:30:47,2026-03-01 21:27:47,"119,90","100,10","0,00","460,75",pago,,Felipe Costa Alves,Felipe Costa Alves
30283,60002,420204,2026-02,"10,00",22,"680,75",iFood Benefícios,,2026-02-28 13:30:47,2026-03-01 21:27:47,"119,90","100,10","0,00","460,75",pago,,Felipe Costa Alves,Felipe Costa Alves
30284,60002,420206,2026-02,"10,00",22,"680,75",iFood Benefícios,,2026-02-28 13:30:47,2026-03-01 21:27:47,"119,90","100,10","0,00","460,75",pago,,Felipe Costa Alves,Felipe Costa Alves
30285,60002,420207,2026-02,"10,00",22,"680,75",iFood Benefícios,,2026-02-28 13:30:47,2026-03-01 21:27:47,"119,90","100,10","0,00","460,75",pago,,Felipe Costa Alves,Felipe Costa Alves
30286,60002,420208,2026-02,"10,00",22,"680,75",iFood Benefícios,,2026-02-28 13:30:47,2026-03-01 21:27:47,"119,90","100,10","0,00","460,75",pago,,Felipe Costa Alves,Felipe Costa Alves
30287,60002,420210,2026-02,"10,00",22,"680,75",iFood Benefícios,,2026-02-28 13:30:47,2026-03-01 21:27:47,"119,90","100,10","0,00","460,75",pago,,Felipe Costa Alves,Felipe Costa Alves
30288,60002,450001,2026-02,"10,00",22,"680,75",iFood Benefícios,,2026-02-28 13:30:47,2026-03-01 21:27:47,"119,90","100,10","0,00","460,75",pago,,Felipe Costa Alves,Felipe Costa Alves
30289,60002,480001,2026-02,"10,00",22,"680,75",iFood Benefícios,,2026-02-28 13:30:47,2026-03-01 21:27:47,"119,90","100,10","0,00","460,75",pago,,Felipe Costa Alves,Felipe Costa Alves
60146,60002,420054,2026-01,"10,00",22,"680,75",iFood Benefícios,,2026-03-01 23:28:40,2026-03-01 23:39:40,"119,90","100,10","0,00","460,75",pago,,Felipe Costa Alves,Felipe Costa Alves
60147,60002,420055,2026-01,"10,00",22,"680,75",iFood Benefícios,,2026-03-01 23:28:40,2026-03-01 23:39:40,"119,90","100,10","0,00","460,75",pago,,Felipe Costa Alves,Felipe Costa Alves
60148,60002,420056,2026-01,"10,00",22,"680,75",iFood Benefícios,,2026-03-01 23:28:40,2026-03-01 23:39:40,"119,90","100,10","0,00","460,75",pago,,Felipe Costa Alves,Felipe Costa Alves
60149,60002,420057,2026-01,"10,00",22,"680,75",iFood Benefícios,,2026-03-01 23:28:40,2026-03-01 23:39:40,"119,90","100,10","0,00","460,75",pago,,Felipe Costa Alves,Felipe Costa Alves
60150,60002,420058,2026-01,"10,00",22,"680,75",iFood Benefícios,,2026-03-01 23:28:40,2026-03-01 23:39:40,"119,90","100,10","0,00","460,75",pago,,Felipe Costa Alves,Felipe Costa Alves
60151,60002,420059,2026-01,"10,00",22,"680,75",iFood Benefícios,,2026-03-01 23:28:40,2026-03-01 23:39:40,"119,90","100,10","0,00","460,75",pago,,Felipe Costa Alves,Felipe Costa Alves
60152,60002,420060,2026-01,"10,00",22,"680,75",iFood Benefícios,,2026-03-01 23:28:40,2026-03-01 23:39:40,"119,90","100,10","0,00","460,75",pago,,Felipe Costa Alves,Felipe Costa Alves
60153,60002,420061,2026-01,"10,00",22,"680,75",iFood Benefícios,,2026-03-01 23:28:40,2026-03-01 23:39:40,"119,90","100,10","0,00","460,75",pago,,Felipe Costa Alves,Felipe Costa Alves
60154,60002,420062,2026-01,"10,00",22,"680,75",iFood Benefícios,,2026-03-01 23:28:40,2026-03-01 23:39:40,"119,90","100,10","0,00","460,75",pago,,Felipe Costa Alves,Felipe Costa Alves
60155,60002,420063,2026-01,"10,00",22,"680,75",iFood Benefícios,,2026-03-01 23:28:40,2026-03-01 23:39:40,"119,90","100,10","0,00","460,75",pago,,Felipe Costa Alves,Felipe Costa Alves
60156,60002,420064,2026-01,"10,00",22,"680,75",iFood Benefícios,,2026-03-01 23:28:40,2026-03-01 23:39:40,"119,90","100,10","0,00","460,75",pago,,Felipe Costa Alves,Felipe Costa Alves
60157,60002,420065,2026-01,"10,00",22,"680,75",iFood Benefícios,,2026-03-01 23:28:41,2026-03-01 23:39:40,"119,90","100,10","0,00","460,75",pago,,Felipe Costa Alves,Felipe Costa Alves
60158,60002,420066,2026-01,"10,00",22,"680,75",iFood Benefícios,,2026-03-01 23:28:41,2026-03-01 23:39:40,"119,90","100,10","0,00","460,75",pago,,Felipe Costa Alves,Felipe Costa Alves
60159,60002,420067,2026-01,"10,00",22,"680,75",iFood Benefícios,,2026-03-01 23:28:41,2026-03-01 23:39:40,"119,90","100,10","0,00","460,75",pago,,Felipe Costa Alves,Felipe Costa Alves
60160,60002,420068,2026-01,"10,00",22,"680,75",iFood Benefícios,,2026-03-01 23:28:41,2026-03-01 23:39:40,"119,90","100,10","0,00","460,75",pago,,Felipe Costa Alves,Felipe Costa Alves
60161,60002,420069,2026-01,"10,00",22,"680,75",iFood Benefícios,,2026-03-01 23:28:41,2026-03-01 23:39:40,"119,90","100,10","0,00","460,75",pago,,Felipe Costa Alves,Felipe Costa Alves
60162,60002,420070,2026-01,"10,00",22,"680,75",iFood Benefícios,,2026-03-01 23:28:41,2026-03-01 23:39:40,"119,90","100,10","0,00","460,75",pago,,Felipe Costa Alves,Felipe Costa Alves
60163,60002,420071,2026-01,"10,00",22,"680,75",iFood Benefícios,,2026-03-01 23:28:41,2026-03-01 23:39:40,"119,90","100,10","0,00","460,75",pago,,Felipe Costa Alves,Felipe Costa Alves
60164,60002,420072,2026-01,"10,00",22,"680,75",iFood Benefícios,,2026-03-01 23:28:41,2026-03-01 23:39:40,"119,90","100,10","0,00","460,75",pago,,Felipe Costa Alves,Felipe Costa Alves
60165,60002,420073,2026-01,"10,00",22,"680,75",iFood Benefícios,,2026-03-01 23:28:41,2026-03-01 23:39:40,"119,90","100,10","0,00","460,75",pago,,Felipe Costa Alves,Felipe Costa Alves
60166,60002,420074,2026-01,"10,00",22,"680,75",iFood Benefícios,,2026-03-01 23:28:41,2026-03-01 23:39:40,"119,90","100,10","0,00","460,75",pago,,Felipe Costa Alves,Felipe Costa Alves
60167,60002,420075,2026-01,"10,00",22,"680,75",iFood Benefícios,,2026-03-01 23:28:41,2026-03-01 23:39:40,"119,90","100,10","0,00","460,75",pago,,Felipe Costa Alves,Felipe Costa Alves
60168,60002,420076,2026-01,"10,00",22,"680,75",iFood Benefícios,,2026-03-01 23:28:41,2026-03-01 23:39:40,"119,90","100,10","0,00","460,75",pago,,Felipe Costa Alves,Felipe Costa Alves
60169,60002,420077,2026-01,"10,00",22,"680,75",iFood Benefícios,,2026-03-01 23:28:41,2026-03-01 23:39:40,"119,90","100,10","0,00","460,75",pago,,Felipe Costa Alves,Felipe Costa Alves
60170,60002,420078,2026-01,"10,00",22,"680,75",iFood Benefícios,,2026-03-01 23:28:41,2026-03-01 23:39:40,"119,90","100,10","0,00","460,75",pago,,Felipe Costa Alves,Felipe Costa Alves
60171,60002,420079,2026-01,"10,00",22,"680,75",iFood Benefícios,,2026-03-01 23:28:41,2026-03-01 23:39:40,"119,90","100,10","0,00","460,75",pago,,Felipe Costa Alves,Felipe Costa Alves
60172,60002,420080,2026-01,"10,00",22,"680,75",iFood Benefícios,,2026-03-01 23:28:41,2026-03-01 23:39:40,"119,90","100,10","0,00","460,75",pago,,Felipe Costa Alves,Felipe Costa Alves
60173,60002,420081,2026-01,"10,00",22,"680,75",iFood Benefícios,,2026-03-01 23:28:41,2026-03-01 23:39:40,"119,90","100,10","0,00","460,75",pago,,Felipe Costa Alves,Felipe Costa Alves
60174,60002,420082,2026-01,"10,00",22,"680,75",iFood Benefícios,,2026-03-01 23:28:41,2026-03-01 23:39:40,"119,90","100,10","0,00","460,75",pago,,Felipe Costa Alves,Felipe Costa Alves
60175,60002,420083,2026-01,"10,00",22,"680,75",iFood Benefícios,,2026-03-01 23:28:41,2026-03-01 23:39:40,"119,90","100,10","0,00","460,75",pago,,Felipe Costa Alves,Felipe Costa Alves
60176,60002,420084,2026-01,"10,00",22,"680,75",iFood Benefícios,,2026-03-01 23:28:41,2026-03-01 23:39:40,"119,90","100,10","0,00","460,75",pago,,Felipe Costa Alves,Felipe Costa Alves
60177,60002,420085,2026-01,"10,00",22,"680,75",iFood Benefícios,,2026-03-01 23:28:41,2026-03-01 23:39:40,"119,90","100,10","0,00","460,75",pago,,Felipe Costa Alves,Felipe Costa Alves
60178,60002,420086,2026-01,"10,00",22,"680,75",iFood Benefícios,,2026-03-01 23:28:41,2026-03-01 23:39:40,"119,90","100,10","0,00","460,75",pago,,Felipe Costa Alves,Felipe Costa Alves
60179,60002,420087,2026-01,"10,00",22,"680,75",iFood Benefícios,,2026-03-01 23:28:41,2026-03-01 23:39:40,"119,90","100,10","0,00","460,75",pago,,Felipe Costa Alves,Felipe Costa Alves
60180,60002,420088,2026-01,"10,00",22,"680,75",iFood Benefícios,,2026-03-01 23:28:41,2026-03-01 23:39:40,"119,90","100,10","0,00","460,75",pago,,Felipe Costa Alves,Felipe Costa Alves
60181,60002,420089,2026-01,"10,00",22,"680,75",iFood Benefícios,,2026-03-01 23:28:41,2026-03-01 23:39:40,"119,90","100,10","0,00","460,75",pago,,Felipe Costa Alves,Felipe Costa Alves
60182,60002,420090,2026-01,"10,00",22,"680,75",iFood Benefícios,,2026-03-01 23:28:41,2026-03-01 23:39:40,"119,90","100,10","0,00","460,75",pago,,Felipe Costa Alves,Felipe Costa Alves
60183,60002,420091,2026-01,"10,00",22,"680,75",iFood Benefícios,,2026-03-01 23:28:41,2026-03-01 23:39:40,"119,90","100,10","0,00","460,75",pago,,Felipe Costa Alves,Felipe Costa Alves
60184,60002,420092,2026-01,"10,00",22,"680,75",iFood Benefícios,,2026-03-01 23:28:41,2026-03-01 23:39:40,"119,90","100,10","0,00","460,75",pago,,Felipe Costa Alves,Felipe Costa Alves
60185,60002,420093,2026-01,"10,00",22,"680,75",iFood Benefícios,,2026-03-01 23:28:41,2026-03-01 23:39:40,"119,90","100,10","0,00","460,75",pago,,Felipe Costa Alves,Felipe Costa Alves
60186,60002,420094,2026-01,"10,00",22,"680,75",iFood Benefícios,,2026-03-01 23:28:41,2026-03-01 23:39:40,"119,90","100,10","0,00","460,75",pago,,Felipe Costa Alves,Felipe Costa Alves
60187,60002,420095,2026-01,"10,00",22,"680,75",iFood Benefícios,,2026-03-01 23:28:41,2026-03-01 23:39:40,"119,90","100,10","0,00","460,75",pago,,Felipe Costa Alves,Felipe Costa Alves
60188,60002,420096,2026-01,"10,00",22,"680,75",iFood Benefícios,,2026-03-01 23:28:41,2026-03-01 23:39:40,"119,90","100,10","0,00","460,75",pago,,Felipe Costa Alves,Felipe Costa Alves
60189,60002,420097,2026-01,"10,00",22,"680,75",iFood Benefícios,,2026-03-01 23:28:41,2026-03-01 23:39:40,"119,90","100,10","0,00","460,75",pago,,Felipe Costa Alves,Felipe Costa Alves
60190,60002,420098,2026-01,"10,00",22,"680,75",iFood Benefícios,,2026-03-01 23:28:41,2026-03-01 23:39:40,"119,90","100,10","0,00","460,75",pago,,Felipe Costa Alves,Felipe Costa Alves
60191,60002,420099,2026-01,"10,00",22,"680,75",iFood Benefícios,,2026-03-01 23:28:41,2026-03-01 23:39:40,"119,90","100,10","0,00","460,75",pago,,Felipe Costa Alves,Felipe Costa Alves
60192,60002,420100,2026-01,"10,00",22,"680,75",iFood Benefícios,,2026-03-01 23:28:41,2026-03-01 23:39:40,"119,90","100,10","0,00","460,75",pago,,Felipe Costa Alves,Felipe Costa Alves
60193,60002,420101,2026-01,"10,00",22,"680,75",iFood Benefícios,,2026-03-01 23:28:41,2026-03-01 23:39:40,"119,90","100,10","0,00","460,75",pago,,Felipe Costa Alves,Felipe Costa Alves
60194,60002,420102,2026-01,"10,00",22,"680,75",iFood Benefícios,,2026-03-01 23:28:41,2026-03-01 23:39:40,"119,90","100,10","0,00","460,75",pago,,Felipe Costa Alves,Felipe Costa Alves
60195,60002,420103,2026-01,"10,00",22,"680,75",iFood Benefícios,,2026-03-01 23:28:41,2026-03-01 23:39:40,"119,90","100,10","0,00","460,75",pago,,Felipe Costa Alves,Felipe Costa Alves
60196,60002,420104,2026-01,"10,00",22,"680,75",iFood Benefícios,,2026-03-01 23:28:41,2026-03-01 23:39:40,"119,90","100,10","0,00","460,75",pago,,Felipe Costa Alves,Felipe Costa Alves
60197,60002,420105,2026-01,"10,00",22,"680,75",iFood Benefícios,,2026-03-01 23:28:41,2026-03-01 23:39:40,"119,90","100,10","0,00","460,75",pago,,Felipe Costa Alves,Felipe Costa Alves
60198,60002,420106,2026-01,"10,00",22,"680,75",iFood Benefícios,,2026-03-01 23:28:41,2026-03-01 23:39:40,"119,90","100,10","0,00","460,75",pago,,Felipe Costa Alves,Felipe Costa Alves
60199,60002,420107,2026-01,"10,00",22,"680,75",iFood Benefícios,,2026-03-01 23:28:41,2026-03-01 23:39:40,"119,90","100,10","0,00","460,75",pago,,Felipe Costa Alves,Felipe Costa Alves
60200,60002,420109,2026-01,"10,00",22,"680,75",iFood Benefícios,,2026-03-01 23:28:41,2026-03-01 23:39:40,"119,90","100,10","0,00","460,75",pago,,Felipe Costa Alves,Felipe Costa Alves
60201,60002,420110,2026-01,"10,00",22,"680,75",iFood Benefícios,,2026-03-01 23:28:41,2026-03-01 23:39:40,"119,90","100,10","0,00","460,75",pago,,Felipe Costa Alves,Felipe Costa Alves
60202,60002,420111,2026-01,"10,00",22,"680,75",iFood Benefícios,,2026-03-01 23:28:41,2026-03-01 23:39:40,"119,90","100,10","0,00","460,75",pago,,Felipe Costa Alves,Felipe Costa Alves
60203,60002,420112,2026-01,"10,00",22,"680,75",iFood Benefícios,,2026-03-01 23:28:41,2026-03-01 23:39:40,"119,90","100,10","0,00","460,75",pago,,Felipe Costa Alves,Felipe Costa Alves
60204,60002,420113,2026-01,"10,00",22,"680,75",iFood Benefícios,,2026-03-01 23:28:41,2026-03-01 23:39:40,"119,90","100,10","0,00","460,75",pago,,Felipe Costa Alves,Felipe Costa Alves
60205,60002,420114,2026-01,"10,00",22,"680,75",iFood Benefícios,,2026-03-01 23:28:41,2026-03-01 23:39:40,"119,90","100,10","0,00","460,75",pago,,Felipe Costa Alves,Felipe Costa Alves
60206,60002,420115,2026-01,"10,00",22,"680,75",iFood Benefícios,,2026-03-01 23:28:41,2026-03-01 23:39:40,"119,90","100,10","0,00","460,75",pago,,Felipe Costa Alves,Felipe Costa Alves
60207,60002,420116,2026-01,"10,00",22,"680,75",iFood Benefícios,,2026-03-01 23:28:41,2026-03-01 23:39:40,"119,90","100,10","0,00","460,75",pago,,Felipe Costa Alves,Felipe Costa Alves
60208,60002,420117,2026-01,"10,00",22,"680,75",iFood Benefícios,,2026-03-01 23:28:41,2026-03-01 23:39:40,"119,90","100,10","0,00","460,75",pago,,Felipe Costa Alves,Felipe Costa Alves
60209,60002,420118,2026-01,"10,00",22,"680,75",iFood Benefícios,,2026-03-01 23:28:41,2026-03-01 23:39:40,"119,90","100,10","0,00","460,75",pago,,Felipe Costa Alves,Felipe Costa Alves
60210,60002,420119,2026-01,"10,00",22,"680,75",iFood Benefícios,,2026-03-01 23:28:41,2026-03-01 23:39:40,"119,90","100,10","0,00","460,75",pago,,Felipe Costa Alves,Felipe Costa Alves
60211,60002,420120,2026-01,"10,00",22,"680,75",iFood Benefícios,,2026-03-01 23:28:41,2026-03-01 23:39:40,"119,90","100,10","0,00","460,75",pago,,Felipe Costa Alves,Felipe Costa Alves
60212,60002,420121,2026-01,"10,00",22,"680,75",iFood Benefícios,,2026-03-01 23:28:41,2026-03-01 23:39:40,"119,90","100,10","0,00","460,75",pago,,Felipe Costa Alves,Felipe Costa Alves
60213,60002,420122,2026-01,"10,00",22,"680,75",iFood Benefícios,,2026-03-01 23:28:41,2026-03-01 23:39:40,"119,90","100,10","0,00","460,75",pago,,Felipe Costa Alves,Felipe Costa Alves
60214,60002,420124,2026-01,"10,00",22,"680,75",iFood Benefícios,,2026-03-01 23:28:41,2026-03-01 23:39:40,"119,90","100,10","0,00","460,75",pago,,Felipe Costa Alves,Felipe Costa Alves
60215,60002,420125,2026-01,"10,00",22,"680,75",iFood Benefícios,,2026-03-01 23:28:41,2026-03-01 23:39:40,"119,90","100,10","0,00","460,75",pago,,Felipe Costa Alves,Felipe Costa Alves
60216,60002,420126,2026-01,"10,00",22,"680,75",iFood Benefícios,,2026-03-01 23:28:41,2026-03-01 23:39:40,"119,90","100,10","0,00","460,75",pago,,Felipe Costa Alves,Felipe Costa Alves
60217,60002,420127,2026-01,"10,00",22,"680,75",iFood Benefícios,,2026-03-01 23:28:41,2026-03-01 23:39:40,"119,90","100,10","0,00","460,75",pago,,Felipe Costa Alves,Felipe Costa Alves
60218,60002,420128,2026-01,"10,00",22,"680,75",iFood Benefícios,,2026-03-01 23:28:41,2026-03-01 23:39:40,"119,90","100,10","0,00","460,75",pago,,Felipe Costa Alves,Felipe Costa Alves
60219,60002,420129,2026-01,"10,00",22,"680,75",iFood Benefícios,,2026-03-01 23:28:41,2026-03-01 23:39:40,"119,90","100,10","0,00","460,75",pago,,Felipe Costa Alves,Felipe Costa Alves
60220,60002,420130,2026-01,"10,00",22,"680,75",iFood Benefícios,,2026-03-01 23:28:41,2026-03-01 23:39:40,"119,90","100,10","0,00","460,75",pago,,Felipe Costa Alves,Felipe Costa Alves
60221,60002,420131,2026-01,"10,00",22,"680,75",iFood Benefícios,,2026-03-01 23:28:41,2026-03-01 23:39:40,"119,90","100,10","0,00","460,75",pago,,Felipe Costa Alves,Felipe Costa Alves
60222,60002,420132,2026-01,"10,00",22,"680,75",iFood Benefícios,,2026-03-01 23:28:41,2026-03-01 23:39:40,"119,90","100,10","0,00","460,75",pago,,Felipe Costa Alves,Felipe Costa Alves
60223,60002,420133,2026-01,"10,00",22,"680,75",iFood Benefícios,,2026-03-01 23:28:41,2026-03-01 23:39:40,"119,90","100,10","0,00","460,75",pago,,Felipe Costa Alves,Felipe Costa Alves
60224,60002,420134,2026-01,"10,00",22,"680,75",iFood Benefícios,,2026-03-01 23:28:41,2026-03-01 23:39:40,"119,90","100,10","0,00","460,75",pago,,Felipe Costa Alves,Felipe Costa Alves
60225,60002,420135,2026-01,"10,00",22,"680,75",iFood Benefícios,,2026-03-01 23:28:41,2026-03-01 23:39:40,"119,90","100,10","0,00","460,75",pago,,Felipe Costa Alves,Felipe Costa Alves
60226,60002,420136,2026-01,"10,00",22,"680,75",iFood Benefícios,,2026-03-01 23:28:41,2026-03-01 23:39:40,"119,90","100,10","0,00","460,75",pago,,Felipe Costa Alves,Felipe Costa Alves
60227,60002,420137,2026-01,"10,00",22,"680,75",iFood Benefícios,,2026-03-01 23:28:41,2026-03-01 23:39:40,"119,90","100,10","0,00","460,75",pago,,Felipe Costa Alves,Felipe Costa Alves
60228,60002,420138,2026-01,"10,00",22,"680,75",iFood Benefícios,,2026-03-01 23:28:42,2026-03-01 23:39:40,"119,90","100,10","0,00","460,75",pago,,Felipe Costa Alves,Felipe Costa Alves
60229,60002,420139,2026-01,"10,00",22,"680,75",iFood Benefícios,,2026-03-01 23:28:42,2026-03-01 23:39:40,"119,90","100,10","0,00","460,75",pago,,Felipe Costa Alves,Felipe Costa Alves
60230,60002,420140,2026-01,"10,00",22,"680,75",iFood Benefícios,,2026-03-01 23:28:42,2026-03-01 23:39:40,"119,90","100,10","0,00","460,75",pago,,Felipe Costa Alves,Felipe Costa Alves
60231,60002,420141,2026-01,"10,00",22,"680,75",iFood Benefícios,,2026-03-01 23:28:42,2026-03-01 23:39:40,"119,90","100,10","0,00","460,75",pago,,Felipe Costa Alves,Felipe Costa Alves
60232,60002,420142,2026-01,"10,00",22,"680,75",iFood Benefícios,,2026-03-01 23:28:42,2026-03-01 23:39:40,"119,90","100,10","0,00","460,75",pago,,Felipe Costa Alves,Felipe Costa Alves
60233,60002,420143,2026-01,"10,00",22,"680,75",iFood Benefícios,,2026-03-01 23:28:42,2026-03-01 23:39:40,"119,90","100,10","0,00","460,75",pago,,Felipe Costa Alves,Felipe Costa Alves
60234,60002,420144,2026-01,"10,00",22,"680,75",iFood Benefícios,,2026-03-01 23:28:42,2026-03-01 23:39:40,"119,90","100,10","0,00","460,75",pago,,Felipe Costa Alves,Felipe Costa Alves
60235,60002,420145,2026-01,"10,00",22,"680,75",iFood Benefícios,,2026-03-01 23:28:42,2026-03-01 23:39:40,"119,90","100,10","0,00","460,75",pago,,Felipe Costa Alves,Felipe Costa Alves
60236,60002,420146,2026-01,"10,00",22,"680,75",iFood Benefícios,,2026-03-01 23:28:42,2026-03-01 23:39:40,"119,90","100,10","0,00","460,75",pago,,Felipe Costa Alves,Felipe Costa Alves
60237,60002,420147,2026-01,"10,00",22,"680,75",iFood Benefícios,,2026-03-01 23:28:42,2026-03-01 23:39:40,"119,90","100,10","0,00","460,75",pago,,Felipe Costa Alves,Felipe Costa Alves
60238,60002,420148,2026-01,"10,00",22,"680,75",iFood Benefícios,,2026-03-01 23:28:42,2026-03-01 23:39:40,"119,90","100,10","0,00","460,75",pago,,Felipe Costa Alves,Felipe Costa Alves
60239,60002,420149,2026-01,"10,00",22,"680,75",iFood Benefícios,,2026-03-01 23:28:42,2026-03-01 23:39:40,"119,90","100,10","0,00","460,75",pago,,Felipe Costa Alves,Felipe Costa Alves
60240,60002,420150,2026-01,"10,00",22,"680,75",iFood Benefícios,,2026-03-01 23:28:42,2026-03-01 23:39:40,"119,90","100,10","0,00","460,75",pago,,Felipe Costa Alves,Felipe Costa Alves
60241,60002,420151,2026-01,"10,00",22,"680,75",iFood Benefícios,,2026-03-01 23:28:42,2026-03-01 23:39:40,"119,90","100,10","0,00","460,75",pago,,Felipe Costa Alves,Felipe Costa Alves
60242,60002,420152,2026-01,"10,00",22,"680,75",iFood Benefícios,,2026-03-01 23:28:42,2026-03-01 23:39:40,"119,90","100,10","0,00","460,75",pago,,Felipe Costa Alves,Felipe Costa Alves
60243,60002,420153,2026-01,"10,00",22,"680,75",iFood Benefícios,,2026-03-01 23:28:42,2026-03-01 23:39:40,"119,90","100,10","0,00","460,75",pago,,Felipe Costa Alves,Felipe Costa Alves
60244,60002,420154,2026-01,"10,00",22,"680,75",iFood Benefícios,,2026-03-01 23:28:42,2026-03-01 23:39:40,"119,90","100,10","0,00","460,75",pago,,Felipe Costa Alves,Felipe Costa Alves
60245,60002,420155,2026-01,"10,00",22,"680,75",iFood Benefícios,,2026-03-01 23:28:42,2026-03-01 23:39:40,"119,90","100,10","0,00","460,75",pago,,Felipe Costa Alves,Felipe Costa Alves
60246,60002,420156,2026-01,"10,00",22,"680,75",iFood Benefícios,,2026-03-01 23:28:42,2026-03-01 23:39:40,"119,90","100,10","0,00","460,75",pago,,Felipe Costa Alves,Felipe Costa Alves
60247,60002,420157,2026-01,"10,00",22,"680,75",iFood Benefícios,,2026-03-01 23:28:42,2026-03-01 23:39:40,"119,90","100,10","0,00","460,75",pago,,Felipe Costa Alves,Felipe Costa Alves
60248,60002,420158,2026-01,"10,00",22,"680,75",iFood Benefícios,,2026-03-01 23:28:42,2026-03-01 23:39:40,"119,90","100,10","0,00","460,75",pago,,Felipe Costa Alves,Felipe Costa Alves
60249,60002,420159,2026-01,"10,00",22,"680,75",iFood Benefícios,,2026-03-01 23:28:42,2026-03-01 23:39:40,"119,90","100,10","0,00","460,75",pago,,Felipe Costa Alves,Felipe Costa Alves
60250,60002,420160,2026-01,"10,00",22,"680,75",iFood Benefícios,,2026-03-01 23:28:42,2026-03-01 23:39:40,"119,90","100,10","0,00","460,75",pago,,Felipe Costa Alves,Felipe Costa Alves
60251,60002,420161,2026-01,"10,00",22,"680,75",iFood Benefícios,,2026-03-01 23:28:42,2026-03-01 23:39:40,"119,90","100,10","0,00","460,75",pago,,Felipe Costa Alves,Felipe Costa Alves
60252,60002,420162,2026-01,"10,00",22,"680,75",iFood Benefícios,,2026-03-01 23:28:42,2026-03-01 23:39:40,"119,90","100,10","0,00","460,75",pago,,Felipe Costa Alves,Felipe Costa Alves
60253,60002,420163,2026-01,"10,00",22,"680,75",iFood Benefícios,,2026-03-01 23:28:42,2026-03-01 23:39:40,"119,90","100,10","0,00","460,75",pago,,Felipe Costa Alves,Felipe Costa Alves
60254,60002,420164,2026-01,"10,00",22,"680,75",iFood Benefícios,,2026-03-01 23:28:42,2026-03-01 23:39:40,"119,90","100,10","0,00","460,75",pago,,Felipe Costa Alves,Felipe Costa Alves
60255,60002,420165,2026-01,"10,00",22,"680,75",iFood Benefícios,,2026-03-01 23:28:42,2026-03-01 23:39:40,"119,90","100,10","0,00","460,75",pago,,Felipe Costa Alves,Felipe Costa Alves
60256,60002,420166,2026-01,"10,00",22,"680,75",iFood Benefícios,,2026-03-01 23:28:42,2026-03-01 23:39:40,"119,90","100,10","0,00","460,75",pago,,Felipe Costa Alves,Felipe Costa Alves
60257,60002,420167,2026-01,"10,00",22,"680,75",iFood Benefícios,,2026-03-01 23:28:42,2026-03-01 23:39:40,"119,90","100,10","0,00","460,75",pago,,Felipe Costa Alves,Felipe Costa Alves
60258,60002,420168,2026-01,"10,00",22,"680,75",iFood Benefícios,,2026-03-01 23:28:42,2026-03-01 23:39:40,"119,90","100,10","0,00","460,75",pago,,Felipe Costa Alves,Felipe Costa Alves
60259,60002,420169,2026-01,"10,00",22,"680,75",iFood Benefícios,,2026-03-01 23:28:42,2026-03-01 23:39:40,"119,90","100,10","0,00","460,75",pago,,Felipe Costa Alves,Felipe Costa Alves
60260,60002,420170,2026-01,"10,00",22,"680,75",iFood Benefícios,,2026-03-01 23:28:42,2026-03-01 23:39:40,"119,90","100,10","0,00","460,75",pago,,Felipe Costa Alves,Felipe Costa Alves
60261,60002,420171,2026-01,"10,00",22,"680,75",iFood Benefícios,,2026-03-01 23:28:42,2026-03-01 23:39:40,"119,90","100,10","0,00","460,75",pago,,Felipe Costa Alves,Felipe Costa Alves
60262,60002,420172,2026-01,"10,00",22,"680,75",iFood Benefícios,,2026-03-01 23:28:42,2026-03-01 23:39:40,"119,90","100,10","0,00","460,75",pago,,Felipe Costa Alves,Felipe Costa Alves
60263,60002,420173,2026-01,"10,00",22,"680,75",iFood Benefícios,,2026-03-01 23:28:42,2026-03-01 23:39:40,"119,90","100,10","0,00","460,75",pago,,Felipe Costa Alves,Felipe Costa Alves
60264,60002,420174,2026-01,"10,00",22,"680,75",iFood Benefícios,,2026-03-01 23:28:42,2026-03-01 23:39:40,"119,90","100,10","0,00","460,75",pago,,Felipe Costa Alves,Felipe Costa Alves
60265,60002,420175,2026-01,"10,00",22,"680,75",iFood Benefícios,,2026-03-01 23:28:42,2026-03-01 23:39:40,"119,90","100,10","0,00","460,75",pago,,Felipe Costa Alves,Felipe Costa Alves
60266,60002,420176,2026-01,"10,00",22,"680,75",iFood Benefícios,,2026-03-01 23:28:42,2026-03-01 23:39:40,"119,90","100,10","0,00","460,75",pago,,Felipe Costa Alves,Felipe Costa Alves
60267,60002,420177,2026-01,"10,00",22,"680,75",iFood Benefícios,,2026-03-01 23:28:42,2026-03-01 23:39:40,"119,90","100,10","0,00","460,75",pago,,Felipe Costa Alves,Felipe Costa Alves
60268,60002,420178,2026-01,"10,00",22,"680,75",iFood Benefícios,,2026-03-01 23:28:42,2026-03-01 23:39:40,"119,90","100,10","0,00","460,75",pago,,Felipe Costa Alves,Felipe Costa Alves
60269,60002,420179,2026-01,"10,00",22,"680,75",iFood Benefícios,,2026-03-01 23:28:42,2026-03-01 23:39:40,"119,90","100,10","0,00","460,75",pago,,Felipe Costa Alves,Felipe Costa Alves
60270,60002,420180,2026-01,"10,00",22,"680,75",iFood Benefícios,,2026-03-01 23:28:42,2026-03-01 23:39:40,"119,90","100,10","0,00","460,75",pago,,Felipe Costa Alves,Felipe Costa Alves
60271,60002,420181,2026-01,"10,00",22,"680,75",iFood Benefícios,,2026-03-01 23:28:42,2026-03-01 23:39:40,"119,90","100,10","0,00","460,75",pago,,Felipe Costa Alves,Felipe Costa Alves
60272,60002,420183,2026-01,"10,00",22,"680,75",iFood Benefícios,,2026-03-01 23:28:42,2026-03-01 23:39:40,"119,90","100,10","0,00","460,75",pago,,Felipe Costa Alves,Felipe Costa Alves
60273,60002,420184,2026-01,"10,00",22,"680,75",iFood Benefícios,,2026-03-01 23:28:42,2026-03-01 23:39:40,"119,90","100,10","0,00","460,75",pago,,Felipe Costa Alves,Felipe Costa Alves
60274,60002,420185,2026-01,"10,00",22,"680,75",iFood Benefícios,,2026-03-01 23:28:42,2026-03-01 23:39:40,"119,90","100,10","0,00","460,75",pago,,Felipe Costa Alves,Felipe Costa Alves
60275,60002,420187,2026-01,"10,00",22,"680,75",iFood Benefícios,,2026-03-01 23:28:42,2026-03-01 23:39:40,"119,90","100,10","0,00","460,75",pago,,Felipe Costa Alves,Felipe Costa Alves
60276,60002,420188,2026-01,"10,00",22,"680,75",iFood Benefícios,,2026-03-01 23:28:42,2026-03-01 23:39:40,"119,90","100,10","0,00","460,75",pago,,Felipe Costa Alves,Felipe Costa Alves
60277,60002,420191,2026-01,"10,00",22,"680,75",iFood Benefícios,,2026-03-01 23:28:42,2026-03-01 23:39:40,"119,90","100,10","0,00","460,75",pago,,Felipe Costa Alves,Felipe Costa Alves
60278,60002,420192,2026-01,"10,00",22,"680,75",iFood Benefícios,,2026-03-01 23:28:42,2026-03-01 23:39:40,"119,90","100,10","0,00","460,75",pago,,Felipe Costa Alves,Felipe Costa Alves
60279,60002,420193,2026-01,"10,00",22,"680,75",iFood Benefícios,,2026-03-01 23:28:42,2026-03-01 23:39:40,"119,90","100,10","0,00","460,75",pago,,Felipe Costa Alves,Felipe Costa Alves
60280,60002,420194,2026-01,"10,00",22,"680,75",iFood Benefícios,,2026-03-01 23:28:42,2026-03-01 23:39:40,"119,90","100,10","0,00","460,75",pago,,Felipe Costa Alves,Felipe Costa Alves
60281,60002,420197,2026-01,"10,00",22,"680,75",iFood Benefícios,,2026-03-01 23:28:42,2026-03-01 23:39:40,"119,90","100,10","0,00","460,75",pago,,Felipe Costa Alves,Felipe Costa Alves
60282,60002,420199,2026-01,"10,00",22,"680,75",iFood Benefícios,,2026-03-01 23:28:42,2026-03-01 23:39:40,"119,90","100,10","0,00","460,75",pago,,Felipe Costa Alves,Felipe Costa Alves
60283,60002,420200,2026-01,"10,00",22,"680,75",iFood Benefícios,,2026-03-01 23:28:42,2026-03-01 23:39:40,"119,90","100,10","0,00","460,75",pago,,Felipe Costa Alves,Felipe Costa Alves
60284,60002,420204,2026-01,"10,00",22,"680,75",iFood Benefícios,,2026-03-01 23:28:42,2026-03-01 23:39:40,"119,90","100,10","0,00","460,75",pago,,Felipe Costa Alves,Felipe Costa Alves
60285,60002,420206,2026-01,"10,00",22,"680,75",iFood Benefícios,,2026-03-01 23:28:42,2026-03-01 23:39:40,"119,90","100,10","0,00","460,75",pago,,Felipe Costa Alves,Felipe Costa Alves
60286,60002,420207,2026-01,"10,00",22,"680,75",iFood Benefícios,,2026-03-01 23:28:42,2026-03-01 23:39:40,"119,90","100,10","0,00","460,75",pago,,Felipe Costa Alves,Felipe Costa Alves
60287,60002,420208,2026-01,"10,00",22,"680,75",iFood Benefícios,,2026-03-01 23:28:42,2026-03-01 23:39:40,"119,90","100,10","0,00","460,75",pago,,Felipe Costa Alves,Felipe Costa Alves
60288,60002,420210,2026-01,"10,00",22,"680,75",iFood Benefícios,,2026-03-01 23:28:42,2026-03-01 23:39:40,"119,90","100,10","0,00","460,75",pago,,Felipe Costa Alves,Felipe Costa Alves
60289,60002,450001,2026-01,"10,00",22,"680,75",iFood Benefícios,,2026-03-01 23:28:42,2026-03-01 23:39:40,"119,90","100,10","0,00","460,75",pago,,Felipe Costa Alves,Felipe Costa Alves
60290,60002,480001,2026-01,"10,00",22,"680,75",iFood Benefícios,,2026-03-01 23:28:42,2026-03-01 23:39:40,"119,90","100,10","0,00","460,75",pago,,Felipe Costa Alves,Felipe Costa Alves
90001,60002,420054,2026-03,"10,00",22,"680,75",iFood Benefícios,,2026-03-04 01:52:29,2026-03-04 01:52:29,"119,90","100,10","0,00","460,75",pendente,,Felipe Costa Alves,
90002,60002,420055,2026-03,"10,00",22,"680,75",iFood Benefícios,,2026-03-04 01:52:29,2026-03-04 01:52:29,"119,90","100,10","0,00","460,75",pendente,,Felipe Costa Alves,
90003,60002,420056,2026-03,"10,00",22,"680,75",iFood Benefícios,,2026-03-04 01:52:29,2026-03-04 01:52:29,"119,90","100,10","0,00","460,75",pendente,,Felipe Costa Alves,
90004,60002,420057,2026-03,"10,00",22,"680,75",iFood Benefícios,,2026-03-04 01:52:29,2026-03-04 01:52:29,"119,90","100,10","0,00","460,75",pendente,,Felipe Costa Alves,
90005,60002,420058,2026-03,"10,00",22,"680,75",iFood Benefícios,,2026-03-04 01:52:29,2026-03-04 01:52:29,"119,90","100,10","0,00","460,75",pendente,,Felipe Costa Alves,
90006,60002,420059,2026-03,"10,00",22,"680,75",iFood Benefícios,,2026-03-04 01:52:29,2026-03-04 01:52:29,"119,90","100,10","0,00","460,75",pendente,,Felipe Costa Alves,
90007,60002,420060,2026-03,"10,00",22,"680,75",iFood Benefícios,,2026-03-04 01:52:29,2026-03-04 01:52:29,"119,90","100,10","0,00","460,75",pendente,,Felipe Costa Alves,
90008,60002,420061,2026-03,"10,00",22,"680,75",iFood Benefícios,,2026-03-04 01:52:29,2026-03-04 01:52:29,"119,90","100,10","0,00","460,75",pendente,,Felipe Costa Alves,
90009,60002,420062,2026-03,"10,00",22,"680,75",iFood Benefícios,,2026-03-04 01:52:29,2026-03-04 01:52:29,"119,90","100,10","0,00","460,75",pendente,,Felipe Costa Alves,
90010,60002,420063,2026-03,"10,00",22,"680,75",iFood Benefícios,,2026-03-04 01:52:29,2026-03-04 01:52:29,"119,90","100,10","0,00","460,75",pendente,,Felipe Costa Alves,
90011,60002,420064,2026-03,"10,00",22,"680,75",iFood Benefícios,,2026-03-04 01:52:29,2026-03-04 01:52:29,"119,90","100,10","0,00","460,75",pendente,,Felipe Costa Alves,
90012,60002,420065,2026-03,"10,00",22,"680,75",iFood Benefícios,,2026-03-04 01:52:29,2026-03-04 01:52:29,"119,90","100,10","0,00","460,75",pendente,,Felipe Costa Alves,
90013,60002,420066,2026-03,"10,00",22,"680,75",iFood Benefícios,,2026-03-04 01:52:29,2026-03-04 01:52:29,"119,90","100,10","0,00","460,75",pendente,,Felipe Costa Alves,
90014,60002,420067,2026-03,"10,00",22,"680,75",iFood Benefícios,,2026-03-04 01:52:29,2026-03-04 01:52:29,"119,90","100,10","0,00","460,75",pendente,,Felipe Costa Alves,
90015,60002,420068,2026-03,"10,00",22,"680,75",iFood Benefícios,,2026-03-04 01:52:29,2026-03-04 01:52:29,"119,90","100,10","0,00","460,75",pendente,,Felipe Costa Alves,
90016,60002,420069,2026-03,"10,00",22,"680,75",iFood Benefícios,,2026-03-04 01:52:29,2026-03-04 01:52:29,"119,90","100,10","0,00","460,75",pendente,,Felipe Costa Alves,
90017,60002,420070,2026-03,"10,00",22,"680,75",iFood Benefícios,,2026-03-04 01:52:29,2026-03-04 01:52:29,"119,90","100,10","0,00","460,75",pendente,,Felipe Costa Alves,
90018,60002,420071,2026-03,"10,00",22,"680,75",iFood Benefícios,,2026-03-04 01:52:29,2026-03-04 01:52:29,"119,90","100,10","0,00","460,75",pendente,,Felipe Costa Alves,
90019,60002,420072,2026-03,"10,00",22,"680,75",iFood Benefícios,,2026-03-04 01:52:29,2026-03-04 01:52:29,"119,90","100,10","0,00","460,75",pendente,,Felipe Costa Alves,
90020,60002,420073,2026-03,"10,00",22,"680,75",iFood Benefícios,,2026-03-04 01:52:29,2026-03-04 01:52:29,"119,90","100,10","0,00","460,75",pendente,,Felipe Costa Alves,
90021,60002,420074,2026-03,"10,00",22,"680,75",iFood Benefícios,,2026-03-04 01:52:29,2026-03-04 01:52:29,"119,90","100,10","0,00","460,75",pendente,,Felipe Costa Alves,
90022,60002,420075,2026-03,"10,00",22,"680,75",iFood Benefícios,,2026-03-04 01:52:29,2026-03-04 01:52:29,"119,90","100,10","0,00","460,75",pendente,,Felipe Costa Alves,
90023,60002,420076,2026-03,"10,00",22,"680,75",iFood Benefícios,,2026-03-04 01:52:29,2026-03-04 01:52:29,"119,90","100,10","0,00","460,75",pendente,,Felipe Costa Alves,
90024,60002,420077,2026-03,"10,00",22,"680,75",iFood Benefícios,,2026-03-04 01:52:29,2026-03-04 01:52:29,"119,90","100,10","0,00","460,75",pendente,,Felipe Costa Alves,
90025,60002,420078,2026-03,"10,00",22,"680,75",iFood Benefícios,,2026-03-04 01:52:29,2026-03-04 01:52:29,"119,90","100,10","0,00","460,75",pendente,,Felipe Costa Alves,
90026,60002,420079,2026-03,"10,00",22,"680,75",iFood Benefícios,,2026-03-04 01:52:29,2026-03-04 01:52:29,"119,90","100,10","0,00","460,75",pendente,,Felipe Costa Alves,
90027,60002,420080,2026-03,"10,00",22,"680,75",iFood Benefícios,,2026-03-04 01:52:29,2026-03-04 01:52:29,"119,90","100,10","0,00","460,75",pendente,,Felipe Costa Alves,
90028,60002,420081,2026-03,"10,00",22,"680,75",iFood Benefícios,,2026-03-04 01:52:29,2026-03-04 01:52:29,"119,90","100,10","0,00","460,75",pendente,,Felipe Costa Alves,
90029,60002,420082,2026-03,"10,00",22,"680,75",iFood Benefícios,,2026-03-04 01:52:29,2026-03-04 01:52:29,"119,90","100,10","0,00","460,75",pendente,,Felipe Costa Alves,
90030,60002,420083,2026-03,"10,00",22,"680,75",iFood Benefícios,,2026-03-04 01:52:29,2026-03-04 01:52:29,"119,90","100,10","0,00","460,75",pendente,,Felipe Costa Alves,
90031,60002,420084,2026-03,"10,00",22,"680,75",iFood Benefícios,,2026-03-04 01:52:29,2026-03-04 01:52:29,"119,90","100,10","0,00","460,75",pendente,,Felipe Costa Alves,
90032,60002,420085,2026-03,"10,00",22,"680,75",iFood Benefícios,,2026-03-04 01:52:30,2026-03-04 01:52:30,"119,90","100,10","0,00","460,75",pendente,,Felipe Costa Alves,
90033,60002,420086,2026-03,"10,00",22,"680,75",iFood Benefícios,,2026-03-04 01:52:30,2026-03-04 01:52:30,"119,90","100,10","0,00","460,75",pendente,,Felipe Costa Alves,
90034,60002,420087,2026-03,"10,00",22,"680,75",iFood Benefícios,,2026-03-04 01:52:30,2026-03-04 01:52:30,"119,90","100,10","0,00","460,75",pendente,,Felipe Costa Alves,
90035,60002,420089,2026-03,"10,00",22,"680,75",iFood Benefícios,,2026-03-04 01:52:30,2026-03-04 01:52:30,"119,90","100,10","0,00","460,75",pendente,,Felipe Costa Alves,
90036,60002,420090,2026-03,"10,00",22,"680,75",iFood Benefícios,,2026-03-04 01:52:30,2026-03-04 01:52:30,"119,90","100,10","0,00","460,75",pendente,,Felipe Costa Alves,
90037,60002,420091,2026-03,"10,00",22,"680,75",iFood Benefícios,,2026-03-04 01:52:30,2026-03-04 01:52:30,"119,90","100,10","0,00","460,75",pendente,,Felipe Costa Alves,
90038,60002,420092,2026-03,"10,00",22,"680,75",iFood Benefícios,,2026-03-04 01:52:30,2026-03-04 01:52:30,"119,90","100,10","0,00","460,75",pendente,,Felipe Costa Alves,
90039,60002,420093,2026-03,"10,00",22,"680,75",iFood Benefícios,,2026-03-04 01:52:30,2026-03-04 01:52:30,"119,90","100,10","0,00","460,75",pendente,,Felipe Costa Alves,
90040,60002,420094,2026-03,"10,00",22,"680,75",iFood Benefícios,,2026-03-04 01:52:30,2026-03-04 01:52:30,"119,90","100,10","0,00","460,75",pendente,,Felipe Costa Alves,
90041,60002,420095,2026-03,"10,00",22,"680,75",iFood Benefícios,,2026-03-04 01:52:30,2026-03-04 01:52:30,"119,90","100,10","0,00","460,75",pendente,,Felipe Costa Alves,
90042,60002,420096,2026-03,"10,00",22,"680,75",iFood Benefícios,,2026-03-04 01:52:30,2026-03-04 01:52:30,"119,90","100,10","0,00","460,75",pendente,,Felipe Costa Alves,
90043,60002,420097,2026-03,"10,00",22,"680,75",iFood Benefícios,,2026-03-04 01:52:30,2026-03-04 01:52:30,"119,90","100,10","0,00","460,75",pendente,,Felipe Costa Alves,
90044,60002,420098,2026-03,"10,00",22,"680,75",iFood Benefícios,,2026-03-04 01:52:30,2026-03-04 01:52:30,"119,90","100,10","0,00","460,75",pendente,,Felipe Costa Alves,
90045,60002,420099,2026-03,"10,00",22,"680,75",iFood Benefícios,,2026-03-04 01:52:30,2026-03-04 01:52:30,"119,90","100,10","0,00","460,75",pendente,,Felipe Costa Alves,
90046,60002,420100,2026-03,"10,00",22,"680,75",iFood Benefícios,,2026-03-04 01:52:30,2026-03-04 01:52:30,"119,90","100,10","0,00","460,75",pendente,,Felipe Costa Alves,
90047,60002,420101,2026-03,"10,00",22,"680,75",iFood Benefícios,,2026-03-04 01:52:30,2026-03-04 01:52:30,"119,90","100,10","0,00","460,75",pendente,,Felipe Costa Alves,
90048,60002,420102,2026-03,"10,00",22,"680,75",iFood Benefícios,,2026-03-04 01:52:30,2026-03-04 01:52:30,"119,90","100,10","0,00","460,75",pendente,,Felipe Costa Alves,
90049,60002,420103,2026-03,"10,00",22,"680,75",iFood Benefícios,,2026-03-04 01:52:30,2026-03-04 01:52:30,"119,90","100,10","0,00","460,75",pendente,,Felipe Costa Alves,
90050,60002,420104,2026-03,"10,00",22,"680,75",iFood Benefícios,,2026-03-04 01:52:30,2026-03-04 01:52:30,"119,90","100,10","0,00","460,75",pendente,,Felipe Costa Alves,
90051,60002,420105,2026-03,"10,00",22,"680,75",iFood Benefícios,,2026-03-04 01:52:30,2026-03-04 01:52:30,"119,90","100,10","0,00","460,75",pendente,,Felipe Costa Alves,
90052,60002,420106,2026-03,"10,00",22,"680,75",iFood Benefícios,,2026-03-04 01:52:30,2026-03-04 01:52:30,"119,90","100,10","0,00","460,75",pendente,,Felipe Costa Alves,
90053,60002,420107,2026-03,"10,00",22,"680,75",iFood Benefícios,,2026-03-04 01:52:30,2026-03-04 01:52:30,"119,90","100,10","0,00","460,75",pendente,,Felipe Costa Alves,
90054,60002,420109,2026-03,"10,00",22,"680,75",iFood Benefícios,,2026-03-04 01:52:30,2026-03-04 01:52:30,"119,90","100,10","0,00","460,75",pendente,,Felipe Costa Alves,
90055,60002,420110,2026-03,"10,00",22,"680,75",iFood Benefícios,,2026-03-04 01:52:30,2026-03-04 01:52:30,"119,90","100,10","0,00","460,75",pendente,,Felipe Costa Alves,
90056,60002,420111,2026-03,"10,00",22,"680,75",iFood Benefícios,,2026-03-04 01:52:30,2026-03-04 01:52:30,"119,90","100,10","0,00","460,75",pendente,,Felipe Costa Alves,
90057,60002,420112,2026-03,"10,00",22,"680,75",iFood Benefícios,,2026-03-04 01:52:30,2026-03-04 01:52:30,"119,90","100,10","0,00","460,75",pendente,,Felipe Costa Alves,
90058,60002,420113,2026-03,"10,00",22,"680,75",iFood Benefícios,,2026-03-04 01:52:30,2026-03-04 01:52:30,"119,90","100,10","0,00","460,75",pendente,,Felipe Costa Alves,
90059,60002,420114,2026-03,"10,00",22,"680,75",iFood Benefícios,,2026-03-04 01:52:30,2026-03-04 01:52:30,"119,90","100,10","0,00","460,75",pendente,,Felipe Costa Alves,
90060,60002,420115,2026-03,"10,00",22,"680,75",iFood Benefícios,,2026-03-04 01:52:30,2026-03-04 01:52:30,"119,90","100,10","0,00","460,75",pendente,,Felipe Costa Alves,
90061,60002,420116,2026-03,"10,00",22,"680,75",iFood Benefícios,,2026-03-04 01:52:30,2026-03-04 01:52:30,"119,90","100,10","0,00","460,75",pendente,,Felipe Costa Alves,
90062,60002,420117,2026-03,"10,00",22,"680,75",iFood Benefícios,,2026-03-04 01:52:30,2026-03-04 01:52:30,"119,90","100,10","0,00","460,75",pendente,,Felipe Costa Alves,
90063,60002,420118,2026-03,"10,00",22,"680,75",iFood Benefícios,,2026-03-04 01:52:30,2026-03-04 01:52:30,"119,90","100,10","0,00","460,75",pendente,,Felipe Costa Alves,
90064,60002,420120,2026-03,"10,00",22,"680,75",iFood Benefícios,,2026-03-04 01:52:30,2026-03-04 01:52:30,"119,90","100,10","0,00","460,75",pendente,,Felipe Costa Alves,
90065,60002,420121,2026-03,"10,00",22,"680,75",iFood Benefícios,,2026-03-04 01:52:30,2026-03-04 01:52:30,"119,90","100,10","0,00","460,75",pendente,,Felipe Costa Alves,
90066,60002,420122,2026-03,"10,00",22,"680,75",iFood Benefícios,,2026-03-04 01:52:30,2026-03-04 01:52:30,"119,90","100,10","0,00","460,75",pendente,,Felipe Costa Alves,
90067,60002,420124,2026-03,"10,00",22,"680,75",iFood Benefícios,,2026-03-04 01:52:30,2026-03-04 01:52:30,"119,90","100,10","0,00","460,75",pendente,,Felipe Costa Alves,
90068,60002,420125,2026-03,"10,00",22,"680,75",iFood Benefícios,,2026-03-04 01:52:30,2026-03-04 01:52:30,"119,90","100,10","0,00","460,75",pendente,,Felipe Costa Alves,
90069,60002,420126,2026-03,"10,00",22,"680,75",iFood Benefícios,,2026-03-04 01:52:30,2026-03-04 01:52:30,"119,90","100,10","0,00","460,75",pendente,,Felipe Costa Alves,
90070,60002,420127,2026-03,"10,00",22,"680,75",iFood Benefícios,,2026-03-04 01:52:30,2026-03-04 01:52:30,"119,90","100,10","0,00","460,75",pendente,,Felipe Costa Alves,
90071,60002,420128,2026-03,"10,00",22,"680,75",iFood Benefícios,,2026-03-04 01:52:30,2026-03-04 01:52:30,"119,90","100,10","0,00","460,75",pendente,,Felipe Costa Alves,
90072,60002,420129,2026-03,"10,00",22,"680,75",iFood Benefícios,,2026-03-04 01:52:30,2026-03-04 01:52:30,"119,90","100,10","0,00","460,75",pendente,,Felipe Costa Alves,
90073,60002,420130,2026-03,"10,00",22,"680,75",iFood Benefícios,,2026-03-04 01:52:30,2026-03-04 01:52:30,"119,90","100,10","0,00","460,75",pendente,,Felipe Costa Alves,
90074,60002,420131,2026-03,"10,00",22,"680,75",iFood Benefícios,,2026-03-04 01:52:30,2026-03-04 01:52:30,"119,90","100,10","0,00","460,75",pendente,,Felipe Costa Alves,
90075,60002,420132,2026-03,"10,00",22,"680,75",iFood Benefícios,,2026-03-04 01:52:30,2026-03-04 01:52:30,"119,90","100,10","0,00","460,75",pendente,,Felipe Costa Alves,
90076,60002,420133,2026-03,"10,00",22,"680,75",iFood Benefícios,,2026-03-04 01:52:30,2026-03-04 01:52:30,"119,90","100,10","0,00","460,75",pendente,,Felipe Costa Alves,
90077,60002,420134,2026-03,"10,00",22,"680,75",iFood Benefícios,,2026-03-04 01:52:30,2026-03-04 01:52:30,"119,90","100,10","0,00","460,75",pendente,,Felipe Costa Alves,
90078,60002,420135,2026-03,"10,00",22,"680,75",iFood Benefícios,,2026-03-04 01:52:30,2026-03-04 01:52:30,"119,90","100,10","0,00","460,75",pendente,,Felipe Costa Alves,
90079,60002,420136,2026-03,"10,00",22,"680,75",iFood Benefícios,,2026-03-04 01:52:30,2026-03-04 01:52:30,"119,90","100,10","0,00","460,75",pendente,,Felipe Costa Alves,
90080,60002,420137,2026-03,"10,00",22,"680,75",iFood Benefícios,,2026-03-04 01:52:30,2026-03-04 01:52:30,"119,90","100,10","0,00","460,75",pendente,,Felipe Costa Alves,
90081,60002,420138,2026-03,"10,00",22,"680,75",iFood Benefícios,,2026-03-04 01:52:30,2026-03-04 01:52:30,"119,90","100,10","0,00","460,75",pendente,,Felipe Costa Alves,
90082,60002,420139,2026-03,"10,00",22,"680,75",iFood Benefícios,,2026-03-04 01:52:30,2026-03-04 01:52:30,"119,90","100,10","0,00","460,75",pendente,,Felipe Costa Alves,
90083,60002,420140,2026-03,"10,00",22,"680,75",iFood Benefícios,,2026-03-04 01:52:30,2026-03-04 01:52:30,"119,90","100,10","0,00","460,75",pendente,,Felipe Costa Alves,
90084,60002,420141,2026-03,"10,00",22,"680,75",iFood Benefícios,,2026-03-04 01:52:30,2026-03-04 01:52:30,"119,90","100,10","0,00","460,75",pendente,,Felipe Costa Alves,
90085,60002,420142,2026-03,"10,00",22,"680,75",iFood Benefícios,,2026-03-04 01:52:30,2026-03-04 01:52:30,"119,90","100,10","0,00","460,75",pendente,,Felipe Costa Alves,
90086,60002,420143,2026-03,"10,00",22,"680,75",iFood Benefícios,,2026-03-04 01:52:30,2026-03-04 01:52:30,"119,90","100,10","0,00","460,75",pendente,,Felipe Costa Alves,
90087,60002,420144,2026-03,"10,00",22,"680,75",iFood Benefícios,,2026-03-04 01:52:30,2026-03-04 01:52:30,"119,90","100,10","0,00","460,75",pendente,,Felipe Costa Alves,
90088,60002,420145,2026-03,"10,00",22,"680,75",iFood Benefícios,,2026-03-04 01:52:30,2026-03-04 01:52:30,"119,90","100,10","0,00","460,75",pendente,,Felipe Costa Alves,
90089,60002,420146,2026-03,"10,00",22,"680,75",iFood Benefícios,,2026-03-04 01:52:30,2026-03-04 01:52:30,"119,90","100,10","0,00","460,75",pendente,,Felipe Costa Alves,
90090,60002,420147,2026-03,"10,00",22,"680,75",iFood Benefícios,,2026-03-04 01:52:30,2026-03-04 01:52:30,"119,90","100,10","0,00","460,75",pendente,,Felipe Costa Alves,
90091,60002,420148,2026-03,"10,00",22,"680,75",iFood Benefícios,,2026-03-04 01:52:30,2026-03-04 01:52:30,"119,90","100,10","0,00","460,75",pendente,,Felipe Costa Alves,
90092,60002,420149,2026-03,"10,00",22,"680,75",iFood Benefícios,,2026-03-04 01:52:30,2026-03-04 01:52:30,"119,90","100,10","0,00","460,75",pendente,,Felipe Costa Alves,
90093,60002,420150,2026-03,"10,00",22,"680,75",iFood Benefícios,,2026-03-04 01:52:30,2026-03-04 01:52:30,"119,90","100,10","0,00","460,75",pendente,,Felipe Costa Alves,
90094,60002,420151,2026-03,"10,00",22,"680,75",iFood Benefícios,,2026-03-04 01:52:30,2026-03-04 01:52:30,"119,90","100,10","0,00","460,75",pendente,,Felipe Costa Alves,
90095,60002,420152,2026-03,"10,00",22,"680,75",iFood Benefícios,,2026-03-04 01:52:30,2026-03-04 01:52:30,"119,90","100,10","0,00","460,75",pendente,,Felipe Costa Alves,
90096,60002,420153,2026-03,"10,00",22,"680,75",iFood Benefícios,,2026-03-04 01:52:30,2026-03-04 01:52:30,"119,90","100,10","0,00","460,75",pendente,,Felipe Costa Alves,
90097,60002,420154,2026-03,"10,00",22,"680,75",iFood Benefícios,,2026-03-04 01:52:30,2026-03-04 01:52:30,"119,90","100,10","0,00","460,75",pendente,,Felipe Costa Alves,
90098,60002,420155,2026-03,"10,00",22,"680,75",iFood Benefícios,,2026-03-04 01:52:30,2026-03-04 01:52:30,"119,90","100,10","0,00","460,75",pendente,,Felipe Costa Alves,
90099,60002,420156,2026-03,"10,00",22,"680,75",iFood Benefícios,,2026-03-04 01:52:30,2026-03-04 01:52:30,"119,90","100,10","0,00","460,75",pendente,,Felipe Costa Alves,
90100,60002,420157,2026-03,"10,00",22,"680,75",iFood Benefícios,,2026-03-04 01:52:30,2026-03-04 01:52:30,"119,90","100,10","0,00","460,75",pendente,,Felipe Costa Alves,
90101,60002,420158,2026-03,"10,00",22,"680,75",iFood Benefícios,,2026-03-04 01:52:30,2026-03-04 01:52:30,"119,90","100,10","0,00","460,75",pendente,,Felipe Costa Alves,
90102,60002,420159,2026-03,"10,00",22,"680,75",iFood Benefícios,,2026-03-04 01:52:30,2026-03-04 01:52:30,"119,90","100,10","0,00","460,75",pendente,,Felipe Costa Alves,
90103,60002,420160,2026-03,"10,00",22,"680,75",iFood Benefícios,,2026-03-04 01:52:30,2026-03-04 01:52:30,"119,90","100,10","0,00","460,75",pendente,,Felipe Costa Alves,
90104,60002,420161,2026-03,"10,00",22,"680,75",iFood Benefícios,,2026-03-04 01:52:30,2026-03-04 01:52:30,"119,90","100,10","0,00","460,75",pendente,,Felipe Costa Alves,
90105,60002,420162,2026-03,"10,00",22,"680,75",iFood Benefícios,,2026-03-04 01:52:30,2026-03-04 01:52:30,"119,90","100,10","0,00","460,75",pendente,,Felipe Costa Alves,
90106,60002,420163,2026-03,"10,00",22,"680,75",iFood Benefícios,,2026-03-04 01:52:31,2026-03-04 01:52:31,"119,90","100,10","0,00","460,75",pendente,,Felipe Costa Alves,
90107,60002,420164,2026-03,"10,00",22,"680,75",iFood Benefícios,,2026-03-04 01:52:31,2026-03-04 01:52:31,"119,90","100,10","0,00","460,75",pendente,,Felipe Costa Alves,
90108,60002,420165,2026-03,"10,00",22,"680,75",iFood Benefícios,,2026-03-04 01:52:31,2026-03-04 01:52:31,"119,90","100,10","0,00","460,75",pendente,,Felipe Costa Alves,
90109,60002,420166,2026-03,"10,00",22,"680,75",iFood Benefícios,,2026-03-04 01:52:31,2026-03-04 01:52:31,"119,90","100,10","0,00","460,75",pendente,,Felipe Costa Alves,
90110,60002,420167,2026-03,"10,00",22,"680,75",iFood Benefícios,,2026-03-04 01:52:31,2026-03-04 01:52:31,"119,90","100,10","0,00","460,75",pendente,,Felipe Costa Alves,
90111,60002,420168,2026-03,"10,00",22,"680,75",iFood Benefícios,,2026-03-04 01:52:31,2026-03-04 01:52:31,"119,90","100,10","0,00","460,75",pendente,,Felipe Costa Alves,
90112,60002,420169,2026-03,"10,00",22,"680,75",iFood Benefícios,,2026-03-04 01:52:31,2026-03-04 01:52:31,"119,90","100,10","0,00","460,75",pendente,,Felipe Costa Alves,
90113,60002,420170,2026-03,"10,00",22,"680,75",iFood Benefícios,,2026-03-04 01:52:31,2026-03-04 01:52:31,"119,90","100,10","0,00","460,75",pendente,,Felipe Costa Alves,
90114,60002,420171,2026-03,"10,00",22,"680,75",iFood Benefícios,,2026-03-04 01:52:31,2026-03-04 01:52:31,"119,90","100,10","0,00","460,75",pendente,,Felipe Costa Alves,
90115,60002,420172,2026-03,"10,00",22,"680,75",iFood Benefícios,,2026-03-04 01:52:31,2026-03-04 01:52:31,"119,90","100,10","0,00","460,75",pendente,,Felipe Costa Alves,
90116,60002,420173,2026-03,"10,00",22,"680,75",iFood Benefícios,,2026-03-04 01:52:31,2026-03-04 01:52:31,"119,90","100,10","0,00","460,75",pendente,,Felipe Costa Alves,
90117,60002,420174,2026-03,"10,00",22,"680,75",iFood Benefícios,,2026-03-04 01:52:31,2026-03-04 01:52:31,"119,90","100,10","0,00","460,75",pendente,,Felipe Costa Alves,
90118,60002,420175,2026-03,"10,00",22,"680,75",iFood Benefícios,,2026-03-04 01:52:31,2026-03-04 01:52:31,"119,90","100,10","0,00","460,75",pendente,,Felipe Costa Alves,
90119,60002,420176,2026-03,"10,00",22,"680,75",iFood Benefícios,,2026-03-04 01:52:31,2026-03-04 01:52:31,"119,90","100,10","0,00","460,75",pendente,,Felipe Costa Alves,
90120,60002,420177,2026-03,"10,00",22,"680,75",iFood Benefícios,,2026-03-04 01:52:31,2026-03-04 01:52:31,"119,90","100,10","0,00","460,75",pendente,,Felipe Costa Alves,
90121,60002,420178,2026-03,"10,00",22,"680,75",iFood Benefícios,,2026-03-04 01:52:31,2026-03-04 01:52:31,"119,90","100,10","0,00","460,75",pendente,,Felipe Costa Alves,
90122,60002,420179,2026-03,"10,00",22,"680,75",iFood Benefícios,,2026-03-04 01:52:31,2026-03-04 01:52:31,"119,90","100,10","0,00","460,75",pendente,,Felipe Costa Alves,
90123,60002,420180,2026-03,"10,00",22,"680,75",iFood Benefícios,,2026-03-04 01:52:31,2026-03-04 01:52:31,"119,90","100,10","0,00","460,75",pendente,,Felipe Costa Alves,
90124,60002,420181,2026-03,"10,00",22,"680,75",iFood Benefícios,,2026-03-04 01:52:31,2026-03-04 01:52:31,"119,90","100,10","0,00","460,75",pendente,,Felipe Costa Alves,
90125,60002,420188,2026-03,"10,00",22,"680,75",iFood Benefícios,,2026-03-04 01:52:31,2026-03-04 01:52:31,"119,90","100,10","0,00","460,75",pendente,,Felipe Costa Alves,
90126,60002,450001,2026-03,"10,00",22,"680,75",iFood Benefícios,,2026-03-04 01:52:31,2026-03-04 01:52:31,"119,90","100,10","0,00","460,75",pendente,,Felipe Costa Alves,
90127,60002,480001,2026-03,"10,00",22,"680,75",iFood Benefícios,,2026-03-04 01:52:31,2026-03-04 01:52:31,"119,90","100,10","0,00","460,75",pendente,,Felipe Costa Alves,
90128,60002,1260001,2026-03,"10,00",22,"680,75",iFood Benefícios,,2026-03-04 01:52:31,2026-03-04 01:52:31,"119,90","100,10","0,00","460,75",pendente,,Felipe Costa Alves,
90129,60002,1320015,2026-03,"10,00",22,"680,75",iFood Benefícios,,2026-03-04 01:52:31,2026-03-04 01:52:31,"119,90","100,10","0,00","460,75",pendente,,Felipe Costa Alves,
90130,60002,1320016,2026-03,"10,00",22,"680,75",iFood Benefícios,,2026-03-04 01:52:31,2026-03-04 01:52:31,"119,90","100,10","0,00","460,75",pendente,,Felipe Costa Alves,
